Device,coef,intercept,BW,SingleFLOPs,invcoef
NVIDIA_A100-PCIE-40GB,7.087054915069354e-14,0.00023542744411446652,1555,19492,14110233545300.729
Tesla_V100-PCIE-32GB,9.592128103695431e-14,0.0001860329397901817,900,14029,10425215230546.633
Tesla_P100-PCIE-16GB,1.3727933989703198e-13,0.00037148889319596414,732,9519,7284417311083.096
Tesla_T4,3.519496489911034e-13,0.00048825423691180704,320,8141,2841315520179.0757
Tesla_P4,3.4121833563977635e-13,0.0007342169773697296,192,5699,2930674865771.863
NVIDIA_A100_80GB_PCIe,5.528179134507667e-14,0.0,1935,19492,
NVIDIA_H100_80GB_HBM3,3.193720617481853e-14,0.0,3430,66908,
NVIDIA_L4,2.7558640644833295e-13,0.0,300,31334,
