Device,coef,intercept,BW,SingleFLOPs,invcoef
NVIDIA_A100-PCIE-40GB,7.275095156066533e-13,1.697922952657448e-05,1555,19492.0,1374552467765.4878
Tesla_V100-PCIE-32GB,1.20163854708108e-12,2.102074482435162e-05,900,14029.0,832197005022.1145
Tesla_P100-PCIE-16GB,1.802631253195005e-12,3.356970335772298e-05,732,9519.0,554744625794.9806
Tesla_T4,4.120622091582268e-12,2.597214637892122e-05,320,8141.0,242681803323.5395
Tesla_P4,6.9203455678535856e-12,1.4325082697276472e-05,192,5699.0,144501454471.46506
NVIDIA_A100_80GB_PCIe,5.799026358025001e-13,0.0,1935,,
NVIDIA_H100_80GB_HBM3,3.2323668643226306e-13,0.0,3430,,
NVIDIA_L4,4.4068469402570885e-12,0.0,300,,
