Device,coef,intercept,BW,SingleFLOPs,invcoef
NVIDIA_A100-PCIE-40GB,6.75327937956072e-14,4.641489926398776e-05,1555,19492,14807620769052.898
Tesla_V100-PCIE-32GB,9.919231075417847e-14,-0.0009294842149677497,900,14029,10081426598461.162
Tesla_P100-PCIE-16GB,3.063851506980996e-13,-0.004333549286850966,732,9519,3263865751070.17
Tesla_T4,4.610840239128767e-13,-0.00875741394839652,320,8141,2168802101434.235
Tesla_P4,1.2894357671992783e-12,-0.016999029843936697,192,5699,775533008652.3442
NVIDIA_A100_80GB_PCIe,5.3058410402603776e-14,0.0,1935,19492,
NVIDIA_H100_80GB_HBM3,2.8866403261726654e-14,0.0,3430,66908,
NVIDIA_L4,6.358048436798575e-13,0.0,300,31334,
