Device,coef,intercept,BW,SingleFLOPs,invcoef
NVIDIA_A100-PCIE-40GB,8.970785184652356e-13,5.3196595184756945e-05,1555,19492.0,1114729624460.128
Tesla_V100-PCIE-32GB,1.9899318835632217e-12,1.678495656424106e-05,900,14029.0,502529764088.89685
Tesla_P100-PCIE-16GB,3.174981040986667e-12,4.0077137583342684e-05,732,9519.0,314962510670.3746
Tesla_T4,6.827320307960214e-12,-8.941458897878524e-05,320,8141.0,146470350722.23938
Tesla_P4,1.0921883892077246e-11,-7.139472982285559e-05,192,5699.0,91559295986.05254
NVIDIA_A100_80GB_PCIe,7.51516929861379e-13,0.0,1935,,
NVIDIA_H100_80GB_HBM3,4.0780842169370563e-13,0.0,3430,,
NVIDIA_L4,9.603401809682143e-12,0.0,300,,
