Device,coef,intercept,BW,SingleFLOPs,invcoef
NVIDIA_A100-PCIE-40GB,1.007277653119407e-12,2.0222991507025677e-05,1555,19492.0,992774928445.1323
Tesla_V100-PCIE-32GB,1.749769263452475e-12,1.5399412687722408e-05,900,14029.0,571503923909.8857
Tesla_P100-PCIE-16GB,3.5934460356097925e-12,-6.525341477186869e-06,732,9519.0,278284407248.7384
Tesla_T4,5.111225201381742e-12,1.3923190681409351e-05,320,8141.0,195647806660.8502
Tesla_P4,8.280025654706648e-12,8.834036554800301e-06,192,5699.0,120772572658.82576
NVIDIA_A100_80GB_PCIe,8.329166203902903e-13,0.0,1935,,
NVIDIA_H100_80GB_HBM3,4.624816056069336e-13,0.0,3430,,
NVIDIA_L4,6.715979797788288e-12,0.0,300,,
