{
    "num_layer": 24,
    "e2e_latency": 1392.1207756982787,
    "fw_latency": 1392.1207756982787,
    "bwall_latency": 0.0,
    "bw_latency": 0.0,
    "acc_latency": 0.0
}