{
    "num_layer": 24,
    "e2e_latency": 763.946347498496,
    "fw_latency": 763.946347498496,
    "bwall_latency": 0.0,
    "bw_latency": 0.0,
    "acc_latency": 0.0
}