{
    "num_layer": 36,
    "e2e_latency": 2435.6768706813455,
    "fw_latency": 2435.6768706813455,
    "bwall_latency": 0.0,
    "bw_latency": 0.0,
    "acc_latency": 0.0
}