{
    "num_layer": 32,
    "e2e_latency": 8563.447793666273,
    "fw_latency": 8563.447793666273,
    "bwall_latency": 0.0,
    "bw_latency": 0.0,
    "acc_latency": 0.0
}