{
    "num_layer": 24,
    "e2e_latency": 39903.81629066542,
    "fw_latency": 39903.81629066542,
    "bwall_latency": 0.0,
    "bw_latency": 0.0,
    "acc_latency": 0.0
}