{
    "num_layer": 24,
    "e2e_latency": 834.4100660581998,
    "fw_latency": 834.4100660581998,
    "bwall_latency": 0.0,
    "bw_latency": 0.0,
    "acc_latency": 0.0
}