{
    "num_layer": 24,
    "e2e_latency": 904.7214599609375,
    "fw_latency": 904.7214599609375,
    "bwall_latency": 0
}