{
    "num_layer": 24,
    "e2e_latency": 450.07603759765624,
    "fw_latency": 450.07603759765624,
    "bwall_latency": 0
}