{
    "num_layer": 36,
    "e2e_latency": 2603.17470703125,
    "fw_latency": 2603.17470703125,
    "bwall_latency": 0
}