{
    "num_layer": 36,
    "e2e_latency": 1303.0048583984376,
    "fw_latency": 1303.0048583984376,
    "bwall_latency": 0
}