{
    "num_layer": 24,
    "e2e_latency": 2283.238720703125,
    "fw_latency": 2283.238720703125,
    "bwall_latency": 0
}