{
    "num_layer": 24,
    "e2e_latency": 326.7947058548695,
    "fw_latency": 115.68793031559228,
    "bwall_latency": 211.1067755392772,
    "bw_latency": 193.99785610560988,
    "acc_latency": 17.108919433667324
}