{
    "num_layer": 24,
    "e2e_latency": 681.1487140826648,
    "fw_latency": 681.1487140826648,
    "bwall_latency": 0.0,
    "bw_latency": 0.0,
    "acc_latency": 0.0
}