{
    "num_layer": 24,
    "e2e_latency": 294.2621321207844,
    "fw_latency": 294.2621321207844,
    "bwall_latency": 0.0,
    "bw_latency": 0.0,
    "acc_latency": 0.0
}