{
    "num_layer": 24,
    "e2e_latency": 573.4182331627622,
    "fw_latency": 573.4182331627622,
    "bwall_latency": 0.0,
    "bw_latency": 0.0,
    "acc_latency": 0.0
}