{
    "num_layer": 24,
    "e2e_latency": 350.12714304650825,
    "fw_latency": 350.12714304650825,
    "bwall_latency": 0.0,
    "bw_latency": 0.0,
    "acc_latency": 0.0
}