{
    "num_layer": 24,
    "e2e_latency": 1076.5461569648567,
    "fw_latency": 394.16017849657993,
    "bwall_latency": 682.3859784682766,
    "bw_latency": 665.2770590346092,
    "acc_latency": 17.108919433667324
}