{
    "num_layer": 36,
    "e2e_latency": 1943.8438698740597,
    "fw_latency": 1943.8438698740597,
    "bwall_latency": 0.0,
    "bw_latency": 0.0,
    "acc_latency": 0.0
}