{
    "num_layer": 36,
    "e2e_latency": 3345.7939727637918,
    "fw_latency": 1220.4433322139084,
    "bwall_latency": 2125.350640549884,
    "bw_latency": 2083.1889141011443,
    "acc_latency": 42.1617264487395
}