{
    "num_layer": 36,
    "e2e_latency": 952.5264972402754,
    "fw_latency": 952.5264972402754,
    "bwall_latency": 0.0,
    "bw_latency": 0.0,
    "acc_latency": 0.0
}