{
    "num_layer": 36,
    "e2e_latency": 2299.0343569001807,
    "fw_latency": 2299.0343569001807,
    "bwall_latency": 0.0,
    "bw_latency": 0.0,
    "acc_latency": 0.0
}