{
    "num_layer": 36,
    "e2e_latency": 940.2271633138358,
    "fw_latency": 334.72673672862584,
    "bwall_latency": 605.50042658521,
    "bw_latency": 542.2732887748376,
    "acc_latency": 63.22713781037237
}