{
    "num_layer": 36,
    "e2e_latency": 1135.9381238805752,
    "fw_latency": 1135.9381238805752,
    "bwall_latency": 0.0,
    "bw_latency": 0.0,
    "acc_latency": 0.0
}