{
    "num_layer": 24,
    "e2e_latency": 2790.3099685464986,
    "fw_latency": 2790.3099685464986,
    "bwall_latency": 0.0,
    "bw_latency": 0.0,
    "acc_latency": 0.0
}