{
    "num_layer": 24,
    "e2e_latency": 8309.315270137564,
    "fw_latency": 2925.6224685464986,
    "bwall_latency": 5383.692801591065,
    "bw_latency": 5205.048800656028,
    "acc_latency": 178.64400093503718
}