{
    "num_layer": 32,
    "e2e_latency": 4883.653727727045,
    "fw_latency": 1705.7620889026052,
    "bwall_latency": 3177.8916388244397,
    "bw_latency": 2971.81248680281,
    "acc_latency": 206.07915202162985
}