{
    "num_layer": 32,
    "e2e_latency": 3225.6586037021284,
    "fw_latency": 3225.6586037021284,
    "bwall_latency": 0.0,
    "bw_latency": 0.0,
    "acc_latency": 0.0
}