{
    "num_layer": 24,
    "e2e_latency": 4200.105836482853,
    "fw_latency": 1427.6603068919696,
    "bwall_latency": 2772.445529590884,
    "bw_latency": 2530.7744070635335,
    "acc_latency": 241.67112252735024
}