{
    "num_layer": 32,
    "e2e_latency": 9736.881932626007,
    "fw_latency": 3455.9190203687954,
    "bwall_latency": 6280.962912257212,
    "bw_latency": 6123.818804792439,
    "acc_latency": 157.1441074647737
}