{
    "num_layer": 24,
    "e2e_latency": 11368.129213363864,
    "fw_latency": 11368.129213363864,
    "bwall_latency": 0.0,
    "bw_latency": 0.0,
    "acc_latency": 0.0
}