{
    "num_layer": 24,
    "e2e_latency": 4866.925734940996,
    "fw_latency": 1769.8116003050623,
    "bwall_latency": 3097.114134635934,
    "bw_latency": 3037.500046796243,
    "acc_latency": 59.61408783969091
}