{
    "num_layer": 24,
    "e2e_latency": 6698.18797146591,
    "fw_latency": 6698.18797146591,
    "bwall_latency": 0.0,
    "bw_latency": 0.0,
    "acc_latency": 0.0
}