{
    "num_layer": 24,
    "e2e_latency": 1599.8116003050623,
    "fw_latency": 1599.8116003050623,
    "bwall_latency": 0.0,
    "bw_latency": 0.0,
    "acc_latency": 0.0
}