{
    "num_layer": 24,
    "e2e_latency": 2402.7273409627014,
    "fw_latency": 869.9223391422614,
    "bwall_latency": 1532.80500182044,
    "bw_latency": 1473.1909139807492,
    "acc_latency": 59.61408783969091
}