{
    "num_layer": 24,
    "e2e_latency": 709.884878181889,
    "fw_latency": 709.884878181889,
    "bwall_latency": 0.0,
    "bw_latency": 0.0,
    "acc_latency": 0.0
}