{
    "num_layer": 24,
    "e2e_latency": 2714.93847259266,
    "fw_latency": 759.8795995549665,
    "bwall_latency": 1955.0588730376935,
    "bw_latency": 1335.451565541995,
    "acc_latency": 619.6073074956985
}