{
    "num_layer": 24,
    "e2e_latency": 1863.2853591482572,
    "fw_latency": 439.50840683326123,
    "bwall_latency": 1423.776952314996,
    "bw_latency": 804.1696448192973,
    "acc_latency": 619.6073074956985
}