{
    "num_layer": 24,
    "e2e_latency": 313.64915436063103,
    "fw_latency": 313.64915436063103,
    "bwall_latency": 0.0,
    "bw_latency": 0.0,
    "acc_latency": 0.0
}