{
    "num_layer": 24,
    "e2e_latency": 183.11330818052886,
    "fw_latency": 183.11330818052886,
    "bwall_latency": 0.0,
    "bw_latency": 0.0,
    "acc_latency": 0.0
}