{
    "num_layer": 36,
    "e2e_latency": 996.8513326696568,
    "fw_latency": 996.8513326696568,
    "bwall_latency": 0.0,
    "bw_latency": 0.0,
    "acc_latency": 0.0
}