{
    "num_layer": 36,
    "e2e_latency": 552.252860463776,
    "fw_latency": 552.252860463776,
    "bwall_latency": 0.0,
    "bw_latency": 0.0,
    "acc_latency": 0.0
}