{
    "num_layer": 24,
    "e2e_latency": 7998.807968977271,
    "fw_latency": 7998.807968977271,
    "bwall_latency": 0.0,
    "bw_latency": 0.0,
    "acc_latency": 0.0
}