{
    "num_layer": 32,
    "e2e_latency": 1874.6229292173816,
    "fw_latency": 1874.6229292173816,
    "bwall_latency": 0.0,
    "bw_latency": 0.0,
    "acc_latency": 0.0
}