{
    "num_layer": 24,
    "e2e_latency": 1825.044877284347,
    "fw_latency": 1825.044877284347,
    "bwall_latency": 0.0,
    "bw_latency": 0.0,
    "acc_latency": 0.0
}