{
    "num_layer": 24,
    "e2e_latency": 1002.8204710599967,
    "fw_latency": 1002.8204710599967,
    "bwall_latency": 0.0,
    "bw_latency": 0.0,
    "acc_latency": 0.0
}