{
    "num_layer": 24,
    "e2e_latency": 812.5796686575253,
    "fw_latency": 280.0330859515984,
    "bwall_latency": 532.546582705927,
    "bw_latency": 531.7871319697756,
    "acc_latency": 0.759450736151324
}