{
    "num_layer": 24,
    "e2e_latency": 249.92480678753927,
    "fw_latency": 249.92480678753927,
    "bwall_latency": 0.0,
    "bw_latency": 0.0,
    "acc_latency": 0.0
}