{
    "num_layer": 24,
    "e2e_latency": 226.4637198948767,
    "fw_latency": 74.18556219510532,
    "bwall_latency": 152.27815769977136,
    "bw_latency": 151.51870696362005,
    "acc_latency": 0.759450736151324
}