{
    "num_layer": 36,
    "e2e_latency": 1363.9073616439014,
    "fw_latency": 1363.9073616439014,
    "bwall_latency": 0.0,
    "bw_latency": 0.0,
    "acc_latency": 0.0
}