{
    "num_layer": 36,
    "e2e_latency": 631.9315381802669,
    "fw_latency": 208.91528105559095,
    "bwall_latency": 423.016257124676,
    "bw_latency": 421.28379309088405,
    "acc_latency": 1.7324640337919028
}