{
    "num_layer": 36,
    "e2e_latency": 2258.733007603866,
    "fw_latency": 771.7033244313159,
    "bwall_latency": 1487.0296831725502,
    "bw_latency": 1485.2972191387582,
    "acc_latency": 1.7324640337919028
}