{
    "num_layer": 36,
    "e2e_latency": 743.534921653538,
    "fw_latency": 743.534921653538,
    "bwall_latency": 0.0,
    "bw_latency": 0.0,
    "acc_latency": 0.0
}