{
    "num_layer": 24,
    "e2e_latency": 12238.339663840208,
    "fw_latency": 12238.339663840208,
    "bwall_latency": 0.0,
    "bw_latency": 0.0,
    "acc_latency": 0.0
}