{
    "num_layer": 32,
    "e2e_latency": 7745.093577525592,
    "fw_latency": 2660.56606167929,
    "bwall_latency": 5084.527515846301,
    "bw_latency": 5078.78432143377,
    "acc_latency": 5.743194412532127
}