{
    "num_layer": 24,
    "e2e_latency": 7227.708003807971,
    "fw_latency": 2476.947761277067,
    "bwall_latency": 4750.760242530905,
    "bw_latency": 4744.494091494691,
    "acc_latency": 6.266151036212975
}