{
    "num_layer": 24,
    "e2e_latency": 3818.7306929980546,
    "fw_latency": 1336.258782450378,
    "bwall_latency": 2482.4719105476765,
    "bw_latency": 2476.2057595114634,
    "acc_latency": 6.266151036212975
}