{
    "num_layer": 32,
    "e2e_latency": 2583.812589457068,
    "fw_latency": 2583.812589457068,
    "bwall_latency": 0.0,
    "bw_latency": 0.0,
    "acc_latency": 0.0
}