{
    "num_layer": 32,
    "e2e_latency": 3976.028872101465,
    "fw_latency": 1387.6545414380398,
    "bwall_latency": 2588.374330663425,
    "bw_latency": 2582.631136250893,
    "acc_latency": 5.743194412532127
}