{
    "num_layer": 24,
    "e2e_latency": 2431.8435946104,
    "fw_latency": 2431.8435946104,
    "bwall_latency": 0.0,
    "bw_latency": 0.0,
    "acc_latency": 0.0
}