{
    "num_layer": 24,
    "e2e_latency": 2146.253570583922,
    "fw_latency": 763.8499204610387,
    "bwall_latency": 1382.4036501228834,
    "bw_latency": 1379.4760540979687,
    "acc_latency": 2.927596024914436
}