{
    "num_layer": 24,
    "e2e_latency": 4590.592639061572,
    "fw_latency": 4590.592639061572,
    "bwall_latency": 0.0,
    "bw_latency": 0.0,
    "acc_latency": 0.0
}