{
    "num_layer": 24,
    "e2e_latency": 4182.732435580108,
    "fw_latency": 1479.7981062454512,
    "bwall_latency": 2702.9343293346574,
    "bw_latency": 2700.006733309743,
    "acc_latency": 2.927596024914436
}