{
    "num_layer": 24,
    "e2e_latency": 1423.1314395787845,
    "fw_latency": 1423.1314395787845,
    "bwall_latency": 0.0,
    "bw_latency": 0.0,
    "acc_latency": 0.0
}