{
    "num_layer": 24,
    "e2e_latency": 1837.270243930099,
    "fw_latency": 653.7672984207672,
    "bwall_latency": 1183.5029455093318,
    "bw_latency": 1172.5889329888962,
    "acc_latency": 10.914012520435307
}