{
    "num_layer": 24,
    "e2e_latency": 953.0577601961137,
    "fw_latency": 308.6579633132826,
    "bwall_latency": 644.3997968828311,
    "bw_latency": 633.4857843623957,
    "acc_latency": 10.914012520435307
}