{
    "num_layer": 24,
    "e2e_latency": 300.56376911234827,
    "fw_latency": 300.56376911234827,
    "bwall_latency": 0.0,
    "bw_latency": 0.0,
    "acc_latency": 0.0
}