{
    "num_layer": 24,
    "e2e_latency": 637.5914052717196,
    "fw_latency": 637.5914052717196,
    "bwall_latency": 0.0,
    "bw_latency": 0.0,
    "acc_latency": 0.0
}