{
    "num_layer": 24,
    "e2e_latency": 131.14261597551481,
    "fw_latency": 44.60916884847646,
    "bwall_latency": 86.53344712703836,
    "bw_latency": 84.44582279984603,
    "acc_latency": 2.087624327192339
}