{
    "num_layer": 24,
    "e2e_latency": 517.942886462767,
    "fw_latency": 178.4330139777192,
    "bwall_latency": 339.5098724850478,
    "bw_latency": 337.42224815785545,
    "acc_latency": 2.087624327192339
}