{
    "num_layer": 36,
    "e2e_latency": 1372.2698563187946,
    "fw_latency": 475.7272641468269,
    "bwall_latency": 896.5425921719677,
    "bw_latency": 890.9693165240462,
    "acc_latency": 5.573275647921427
}