{
    "num_layer": 36,
    "e2e_latency": 350.8977853591157,
    "fw_latency": 119.09761490380559,
    "bwall_latency": 231.80017045531014,
    "bw_latency": 223.14612443569808,
    "acc_latency": 8.65404601961206
}