{
    "num_layer": 32,
    "e2e_latency": 4493.338428721321,
    "fw_latency": 1536.4793238462955,
    "bwall_latency": 2956.859104875026,
    "bw_latency": 2933.8623056563997,
    "acc_latency": 22.996799218626407
}