{
    "num_layer": 32,
    "e2e_latency": 2266.625497923627,
    "fw_latency": 768.633340229254,
    "bwall_latency": 1497.9921576943725,
    "bw_latency": 1467.6956436731757,
    "acc_latency": 30.29651402119704
}