{
    "num_layer": 24,
    "e2e_latency": 4553.68802553236,
    "fw_latency": 1541.345936287616,
    "bwall_latency": 3012.342089244745,
    "bw_latency": 2985.8531625280393,
    "acc_latency": 26.488926716705663
}