{
    "num_layer": 24,
    "e2e_latency": 2300.5311157416086,
    "fw_latency": 770.9709631956244,
    "bwall_latency": 1529.5601525459838,
    "bw_latency": 1493.6114117487919,
    "acc_latency": 35.9487407971919
}