{
    "num_layer": 24,
    "e2e_latency": 1124.0967932633268,
    "fw_latency": 386.88931400607726,
    "bwall_latency": 737.2074792572496,
    "bw_latency": 729.0113996715836,
    "acc_latency": 8.196079585665927
}