{
    "num_layer": 24,
    "e2e_latency": 2239.5687642795333,
    "fw_latency": 773.762468332194,
    "bwall_latency": 1465.806295947339,
    "bw_latency": 1457.6102163616733,
    "acc_latency": 8.196079585665927
}