{
    "num_layer": 24,
    "e2e_latency": 575.2295803207735,
    "fw_latency": 166.0656543378891,
    "bwall_latency": 409.1639259828844,
    "bw_latency": 318.5210615031619,
    "acc_latency": 90.64286447972259
}