{
    "num_layer": 24,
    "e2e_latency": 1059.667337301355,
    "fw_latency": 332.0142696858421,
    "bwall_latency": 727.6530676155129,
    "bw_latency": 637.0102031357903,
    "acc_latency": 90.64286447972259
}