{
    "num_layer": 24,
    "e2e_latency": 855.39716796875,
    "fw_latency": 855.39716796875,
    "bwall_latency": 0
}