{
    "num_layer": 24,
    "e2e_latency": 1275.4411376953126,
    "fw_latency": 477.81170654296875,
    "bwall_latency": 797.6294311523437
}