{
    "num_layer": 0,
    "e2e_latency": 344.1117248535156,
    "fw_latency": 344.1117248535156,
    "bwall_latency": 0
}