{
    "num_layer": 24,
    "e2e_latency": 316.2992645263672,
    "fw_latency": 102.76290588378906,
    "bwall_latency": 213.53635864257814
}