{
    "num_layer": 0,
    "e2e_latency": 724.7020141601563,
    "fw_latency": 724.7020141601563,
    "bwall_latency": 0
}