{
    "num_layer": 24,
    "e2e_latency": 409.8555847167969,
    "fw_latency": 409.8555847167969,
    "bwall_latency": 0
}