{
    "num_layer": 0,
    "e2e_latency": 1775.090673828125,
    "fw_latency": 1775.090673828125,
    "bwall_latency": 0
}