{
    "num_layer": 36,
    "e2e_latency": 1276.275927734375,
    "fw_latency": 1276.275927734375,
    "bwall_latency": 0
}