{
    "num_layer": 36,
    "e2e_latency": 967.4424255371093,
    "fw_latency": 324.88324584960935,
    "bwall_latency": 642.5591796875
}