{
    "num_layer": 0,
    "e2e_latency": 886.8235107421875,
    "fw_latency": 886.8235107421875,
    "bwall_latency": 0
}