{
    "num_layer": 36,
    "e2e_latency": 2562.99912109375,
    "fw_latency": 2562.99912109375,
    "bwall_latency": 0
}