{
    "num_layer": 24,
    "e2e_latency": 3111.85654296875,
    "fw_latency": 3111.85654296875,
    "bwall_latency": 0
}