{
    "num_layer": 32,
    "e2e_latency": 3495.842822265625,
    "fw_latency": 3495.842822265625,
    "bwall_latency": 0
}