{
    "num_layer": 24,
    "e2e_latency": 2229.27587890625,
    "fw_latency": 2229.27587890625,
    "bwall_latency": 0
}