{
    "num_layer": 0,
    "e2e_latency": 50.59174346923828,
    "fw_latency": 50.59174346923828,
    "bwall_latency": 0.0
}