{
    "num_layer": 24,
    "e2e_latency": 237.09378051757812,
    "fw_latency": 237.09378051757812,
    "bwall_latency": 0
}