{
    "num_layer": 24,
    "e2e_latency": 115.17867202758788,
    "fw_latency": 40.850695037841795,
    "bwall_latency": 74.32797698974609
}