{
    "num_layer": 24,
    "e2e_latency": 390.180419921875,
    "fw_latency": 140.0615020751953,
    "bwall_latency": 250.1189178466797
}