{
    "num_layer": 24,
    "e2e_latency": 121.18821868896484,
    "fw_latency": 121.18821868896484,
    "bwall_latency": 0
}