{
    "num_layer": 36,
    "e2e_latency": 704.0660888671875,
    "fw_latency": 704.0660888671875,
    "bwall_latency": 0
}