{
    "num_layer": 36,
    "e2e_latency": 354.57586669921875,
    "fw_latency": 354.57586669921875,
    "bwall_latency": 0
}