{
    "num_layer": 36,
    "e2e_latency": 1840.406103515625,
    "fw_latency": 1117.835009765625,
    "bwall_latency": 722.57109375
}