{
    "num_layer": 36,
    "e2e_latency": 315.75354766845703,
    "fw_latency": 113.3492416381836,
    "bwall_latency": 202.40430603027343
}