{
    "num_layer": 32,
    "e2e_latency": 1249.779345703125,
    "fw_latency": 1249.779345703125,
    "bwall_latency": 0
}