{
    "num_layer": 24,
    "e2e_latency": 1199.73740234375,
    "fw_latency": 1199.73740234375,
    "bwall_latency": 0
}