{
    "num_layer": 24,
    "e2e_latency": 4611.0474609375,
    "fw_latency": 4611.0474609375,
    "bwall_latency": 0
}