{
    "num_layer": 24,
    "e2e_latency": 2060.7017333984377,
    "fw_latency": 1061.7772705078125,
    "bwall_latency": 998.924462890625
}