{
    "num_layer": 32,
    "e2e_latency": 4682.35810546875,
    "fw_latency": 4682.35810546875,
    "bwall_latency": 0
}