{
    "num_layer": 24,
    "e2e_latency": 619.1020141601563,
    "fw_latency": 619.1020141601563,
    "bwall_latency": 0
}