{
    "num_layer": 24,
    "e2e_latency": 983.6472717285156,
    "fw_latency": 360.0744934082031,
    "bwall_latency": 623.5727783203125
}