{
    "num_layer": 24,
    "e2e_latency": 2438.8412109375,
    "fw_latency": 2438.8412109375,
    "bwall_latency": 0
}