{
    "num_layer": 24,
    "e2e_latency": 533.4684747633098,
    "fw_latency": 533.4684747633098,
    "bwall_latency": 0.0,
    "bw_latency": 0.0,
    "acc_latency": 0.0
}