{
    "num_layer": 24,
    "e2e_latency": 271.4016384730187,
    "fw_latency": 271.4016384730187,
    "bwall_latency": 0.0,
    "bw_latency": 0.0,
    "acc_latency": 0.0
}