{
    "num_layer": 24,
    "e2e_latency": 867.0548778556097,
    "fw_latency": 301.2794216117537,
    "bwall_latency": 565.775456243856,
    "bw_latency": 559.669359880346,
    "acc_latency": 6.106096363510005
}