{
    "num_layer": 24,
    "e2e_latency": 266.134770618636,
    "fw_latency": 90.84370040828718,
    "bwall_latency": 175.29107021034883,
    "bw_latency": 169.18497384683883,
    "acc_latency": 6.106096363510005
}