{
    "num_layer": 36,
    "e2e_latency": 634.8012162704607,
    "fw_latency": 216.313400922639,
    "bwall_latency": 418.48781534782165,
    "bw_latency": 394.92286606105654,
    "acc_latency": 23.564949286765113
}