{
    "num_layer": 36,
    "e2e_latency": 1525.9986283697394,
    "fw_latency": 1525.9986283697394,
    "bwall_latency": 0.0,
    "bw_latency": 0.0,
    "acc_latency": 0.0
}