{
    "num_layer": 36,
    "e2e_latency": 756.2678728187004,
    "fw_latency": 756.2678728187004,
    "bwall_latency": 0.0,
    "bw_latency": 0.0,
    "acc_latency": 0.0
}