{
    "num_layer": 36,
    "e2e_latency": 2239.1031117238517,
    "fw_latency": 784.4362755964783,
    "bwall_latency": 1454.6668361273735,
    "bw_latency": 1439.3223337987567,
    "acc_latency": 15.344502328616727
}