{
    "num_layer": 32,
    "e2e_latency": 10459.640103527086,
    "fw_latency": 10459.640103527086,
    "bwall_latency": 0.0,
    "bw_latency": 0.0,
    "acc_latency": 0.0
}