{
    "num_layer": 24,
    "e2e_latency": 3595.388995468508,
    "fw_latency": 1202.1398487067845,
    "bwall_latency": 2393.2491467617233,
    "bw_latency": 2304.8973554311992,
    "acc_latency": 88.35179133052407
}