{
    "num_layer": 24,
    "e2e_latency": 2403.62194893416,
    "fw_latency": 2403.62194893416,
    "bwall_latency": 0.0,
    "bw_latency": 0.0,
    "acc_latency": 0.0
}