{
    "num_layer": 32,
    "e2e_latency": 7371.41730917865,
    "fw_latency": 2522.412270946532,
    "bwall_latency": 4849.005038232119,
    "bw_latency": 4790.595164272301,
    "acc_latency": 58.40987395981756
}