{
    "num_layer": 32,
    "e2e_latency": 3729.789521570863,
    "fw_latency": 1264.4613974310212,
    "bwall_latency": 2465.3281241398417,
    "bw_latency": 2389.585126347083,
    "acc_latency": 75.74299779275862
}