{
    "num_layer": 24,
    "e2e_latency": 7195.978072058605,
    "fw_latency": 2448.726115600827,
    "bwall_latency": 4747.251956457778,
    "bw_latency": 4681.397302902898,
    "acc_latency": 65.8546535548794
}