{
    "num_layer": 24,
    "e2e_latency": 1868.432890221599,
    "fw_latency": 655.8606896448247,
    "bwall_latency": 1212.5722005767743,
    "bw_latency": 1190.8127356205982,
    "acc_latency": 21.75946495617609
}