{
    "num_layer": 24,
    "e2e_latency": 3583.2360638558325,
    "fw_latency": 1245.6649456690584,
    "bwall_latency": 2337.5711181867737,
    "bw_latency": 2315.8116532305976,
    "acc_latency": 21.75946495617609
}