{
    "num_layer": 24,
    "e2e_latency": 1188.9982790023917,
    "fw_latency": 1188.9982790023917,
    "bwall_latency": 0.0,
    "bw_latency": 0.0,
    "acc_latency": 0.0
}