{
    "num_layer": 24,
    "e2e_latency": 1301.5655444473707,
    "fw_latency": 383.37816076408126,
    "bwall_latency": 918.1873836832896,
    "bw_latency": 681.5026472363572,
    "acc_latency": 236.68473644693222
}