{
    "num_layer": 24,
    "e2e_latency": 603.6373741691748,
    "fw_latency": 603.6373741691748,
    "bwall_latency": 0.0,
    "bw_latency": 0.0,
    "acc_latency": 0.0
}