{
    "num_layer": 24,
    "e2e_latency": 375.00539524451557,
    "fw_latency": 375.00539524451557,
    "bwall_latency": 0.0,
    "bw_latency": 0.0,
    "acc_latency": 0.0
}