{
    "num_layer": 24,
    "e2e_latency": 2042.965058501256,
    "fw_latency": 620.3232084028239,
    "bwall_latency": 1422.6418500984323,
    "bw_latency": 1185.9571136514999,
    "acc_latency": 236.68473644693222
}