{
    "num_layer": 24,
    "e2e_latency": 101.78717119896545,
    "fw_latency": 34.69354240688618,
    "bwall_latency": 67.09362879207927,
    "bw_latency": 54.422546564253736,
    "acc_latency": 12.671082227825536
}