{
    "num_layer": 24,
    "e2e_latency": 189.25603707297543,
    "fw_latency": 189.25603707297543,
    "bwall_latency": 0.0,
    "bw_latency": 0.0,
    "acc_latency": 0.0
}