{
    "num_layer": 24,
    "e2e_latency": 632.7881319977153,
    "fw_latency": 222.2364150854911,
    "bwall_latency": 410.55171691222415,
    "bw_latency": 397.8806346843986,
    "acc_latency": 12.671082227825536
}