{
    "num_layer": 24,
    "e2e_latency": 484.760742580135,
    "fw_latency": 484.760742580135,
    "bwall_latency": 0.0,
    "bw_latency": 0.0,
    "acc_latency": 0.0
}