{
    "num_layer": 36,
    "e2e_latency": 1646.6256171031596,
    "fw_latency": 1646.6256171031596,
    "bwall_latency": 0.0,
    "bw_latency": 0.0,
    "acc_latency": 0.0
}