{
    "num_layer": 36,
    "e2e_latency": 2270.433046946936,
    "fw_latency": 796.0907831471802,
    "bwall_latency": 1474.3422637997558,
    "bw_latency": 1453.6075999798616,
    "acc_latency": 20.734663819894195
}