{
    "num_layer": 36,
    "e2e_latency": 398.63744391820444,
    "fw_latency": 137.41644492275856,
    "bwall_latency": 261.2209989954458,
    "bw_latency": 234.10255415251916,
    "acc_latency": 27.118444842926692
}