{
    "num_layer": 36,
    "e2e_latency": 767.9223803694024,
    "fw_latency": 767.9223803694024,
    "bwall_latency": 0.0,
    "bw_latency": 0.0,
    "acc_latency": 0.0
}