{
    "num_layer": 32,
    "e2e_latency": 3983.1799433709402,
    "fw_latency": 1356.4820962031242,
    "bwall_latency": 2626.697847167816,
    "bw_latency": 2555.74221223942,
    "acc_latency": 70.95563492839574
}