{
    "num_layer": 32,
    "e2e_latency": 8179.68326362411,
    "fw_latency": 2810.2655629323435,
    "bwall_latency": 5369.417700691767,
    "bw_latency": 5313.588083267743,
    "acc_latency": 55.829617424024036
}