{
    "num_layer": 24,
    "e2e_latency": 4101.327839379107,
    "fw_latency": 1376.7771848815676,
    "bwall_latency": 2724.550654497539,
    "bw_latency": 2643.9008163349677,
    "acc_latency": 80.64983816257154
}