{
    "num_layer": 24,
    "e2e_latency": 8327.149373130676,
    "fw_latency": 2826.7419869642863,
    "bwall_latency": 5500.407386166391,
    "bw_latency": 5439.35959021923,
    "acc_latency": 61.04779594716092
}