{
    "num_layer": 32,
    "e2e_latency": 2733.5120907101214,
    "fw_latency": 2733.5120907101214,
    "bwall_latency": 0.0,
    "bw_latency": 0.0,
    "acc_latency": 0.0
}