{
    "num_layer": 24,
    "e2e_latency": 2781.6378202976193,
    "fw_latency": 2781.6378202976193,
    "bwall_latency": 0.0,
    "bw_latency": 0.0,
    "acc_latency": 0.0
}