{
    "num_layer": 24,
    "e2e_latency": 11346.114173713917,
    "fw_latency": 11346.114173713917,
    "bwall_latency": 0.0,
    "bw_latency": 0.0,
    "acc_latency": 0.0
}