{
    "num_layer": 24,
    "e2e_latency": 5499.580021483205,
    "fw_latency": 5499.580021483205,
    "bwall_latency": 0.0,
    "bw_latency": 0.0,
    "acc_latency": 0.0
}