{
    "num_layer": 24,
    "e2e_latency": 1752.6856059541994,
    "fw_latency": 609.0201180574431,
    "bwall_latency": 1143.665487896756,
    "bw_latency": 1118.5050076479415,
    "acc_latency": 25.160480248814565
}