{
    "num_layer": 24,
    "e2e_latency": 1283.385831403195,
    "fw_latency": 1283.385831403195,
    "bwall_latency": 0.0,
    "bw_latency": 0.0,
    "acc_latency": 0.0
}