{
    "num_layer": 24,
    "e2e_latency": 3850.072057759729,
    "fw_latency": 1340.0524980698617,
    "bwall_latency": 2510.0195596898666,
    "bw_latency": 2484.859079441052,
    "acc_latency": 25.160480248814565
}