{
    "num_layer": 24,
    "e2e_latency": 1019.0648926810618,
    "fw_latency": 291.51279456733994,
    "bwall_latency": 727.5520981137217,
    "bw_latency": 513.4095760375769,
    "acc_latency": 214.14252207614481
}