{
    "num_layer": 24,
    "e2e_latency": 136.8959368730187,
    "fw_latency": 136.8959368730187,
    "bwall_latency": 0.0,
    "bw_latency": 0.0,
    "acc_latency": 0.0
}