{
    "num_layer": 24,
    "e2e_latency": 609.5058696523806,
    "fw_latency": 145.65002865181464,
    "bwall_latency": 463.855841000566,
    "bw_latency": 249.7133189244212,
    "acc_latency": 214.14252207614481
}