{
    "num_layer": 24,
    "e2e_latency": 274.5216041960035,
    "fw_latency": 274.5216041960035,
    "bwall_latency": 0.0,
    "bw_latency": 0.0,
    "acc_latency": 0.0
}