{
    "num_layer": 24,
    "e2e_latency": 234.25801696777344,
    "fw_latency": 82.95894470214844,
    "bwall_latency": 151.299072265625
}