{
    "num_layer": 24,
    "e2e_latency": 518.2564453125,
    "fw_latency": 518.2564453125,
    "bwall_latency": 0
}