{
    "num_layer": 24,
    "e2e_latency": 257.4217224121094,
    "fw_latency": 257.4217224121094,
    "bwall_latency": 0
}