{
    "num_layer": 24,
    "e2e_latency": 841.1236450195313,
    "fw_latency": 298.737451171875,
    "bwall_latency": 542.3861938476563
}