{
    "num_layer": 36,
    "e2e_latency": 1467.6486083984375,
    "fw_latency": 1467.6486083984375,
    "bwall_latency": 0
}