{
    "num_layer": 36,
    "e2e_latency": 576.9211944580078,
    "fw_latency": 199.80060729980468,
    "bwall_latency": 377.12058715820314
}