{
    "num_layer": 36,
    "e2e_latency": 728.7697509765625,
    "fw_latency": 728.7697509765625,
    "bwall_latency": 0
}