{
    "num_layer": 24,
    "e2e_latency": 2241.95341796875,
    "fw_latency": 2241.95341796875,
    "bwall_latency": 0
}