{
    "num_layer": 32,
    "e2e_latency": 2292.841650390625,
    "fw_latency": 2292.841650390625,
    "bwall_latency": 0
}