{
    "num_layer": 24,
    "e2e_latency": 5103.80419921875,
    "fw_latency": 5103.80419921875,
    "bwall_latency": 0
}