{
    "num_layer": 24,
    "e2e_latency": 1273.74521484375,
    "fw_latency": 1273.74521484375,
    "bwall_latency": 0
}