{
    "num_layer": 0,
    "e2e_latency": 596.3041015625,
    "fw_latency": 596.3041015625,
    "bwall_latency": 0
}