{
    "num_layer": 0,
    "e2e_latency": 323.10682373046876,
    "fw_latency": 323.10682373046876,
    "bwall_latency": 0
}