{
    "num_layer": 24,
    "e2e_latency": 396.4751831054688,
    "fw_latency": 396.4751831054688,
    "bwall_latency": 0
}