{
    "num_layer": 24,
    "e2e_latency": 174.75809326171876,
    "fw_latency": 174.75809326171876,
    "bwall_latency": 0
}