{
    "num_layer": 24,
    "e2e_latency": 205.5055358886719,
    "fw_latency": 205.5055358886719,
    "bwall_latency": 0
}