{
    "num_layer": 24,
    "e2e_latency": 345.17217407226565,
    "fw_latency": 345.17217407226565,
    "bwall_latency": 0
}