{
    "num_layer": 36,
    "e2e_latency": 535.8211059570312,
    "fw_latency": 535.8211059570312,
    "bwall_latency": 0
}