{
    "num_layer": 36,
    "e2e_latency": 477.57619018554686,
    "fw_latency": 477.57619018554686,
    "bwall_latency": 0
}