{
    "num_layer": 36,
    "e2e_latency": 948.5371459960937,
    "fw_latency": 948.5371459960937,
    "bwall_latency": 0
}