{
    "num_layer": 36,
    "e2e_latency": 1084.7305908203125,
    "fw_latency": 1084.7305908203125,
    "bwall_latency": 0
}