{
    "num_layer": 24,
    "e2e_latency": 1749.46162109375,
    "fw_latency": 1749.46162109375,
    "bwall_latency": 0
}