{
    "num_layer": 24,
    "e2e_latency": 7479.80537109375,
    "fw_latency": 7479.80537109375,
    "bwall_latency": 0
}