{
    "num_layer": 24,
    "e2e_latency": 987.858740234375,
    "fw_latency": 987.858740234375,
    "bwall_latency": 0
}