{
    "num_layer": 24,
    "e2e_latency": 3722.6244140625,
    "fw_latency": 3722.6244140625,
    "bwall_latency": 0
}