{
    "num_layer": null,
    "e2e_latency": 1288.7891845703125,
    "fw_latency": 1288.7891845703125,
    "bwall_latency": 0
}