{
    "num_layer": 0,
    "e2e_latency": 403.39599609375,
    "fw_latency": 403.39599609375,
    "bwall_latency": 0
}