{
    "num_layer": null,
    "e2e_latency": 2529.5974609375,
    "fw_latency": 2529.5974609375,
    "bwall_latency": 0
}