{
    "num_layer": 0,
    "e2e_latency": 223.2121368408203,
    "fw_latency": 223.2121368408203,
    "bwall_latency": 0
}