{
    "num_layer": 24,
    "e2e_latency": 213.1804168701172,
    "fw_latency": 103.4846206665039,
    "bwall_latency": 109.69579620361328
}