{
    "num_layer": 24,
    "e2e_latency": 716.2193969726562,
    "fw_latency": 324.49782104492186,
    "bwall_latency": 391.72157592773436
}