{
    "num_layer": 36,
    "e2e_latency": 524.0467468261719,
    "fw_latency": 238.4394287109375,
    "bwall_latency": 285.60731811523436
}