{
    "num_layer": 36,
    "e2e_latency": 1635.7427124023436,
    "fw_latency": 560.1441772460937,
    "bwall_latency": 1075.59853515625
}