{
    "num_layer": 24,
    "e2e_latency": 2502.1853637695312,
    "fw_latency": 827.8857788085937,
    "bwall_latency": 1674.2995849609374
}