{
    "num_layer": 32,
    "e2e_latency": 3012.9248046875,
    "fw_latency": 1366.974853515625,
    "bwall_latency": 1645.949951171875
}