{
    "num_layer": 24,
    "e2e_latency": 3188.8203857421877,
    "fw_latency": 1335.299072265625,
    "bwall_latency": 1853.5213134765625
}