{
    "num_layer": 24,
    "e2e_latency": 1369.5107177734376,
    "fw_latency": 451.811328125,
    "bwall_latency": 917.6993896484375
}