{
    "num_layer": 0,
    "e2e_latency": 790.0688293457031,
    "fw_latency": 339.06052856445314,
    "bwall_latency": 451.00830078125
}