{
    "num_layer": 0,
    "e2e_latency": 1395.0787658691406,
    "fw_latency": 639.3102355957031,
    "bwall_latency": 755.7685302734375
}