{
    "num_layer": 24,
    "e2e_latency": 159.7940525757038,
    "fw_latency": 57.3469059672694,
    "bwall_latency": 102.4471466084344,
    "bw_latency": 90.44729218026764,
    "acc_latency": 11.999854428166756
}