{
    "num_layer": 24,
    "e2e_latency": 391.0883428603688,
    "fw_latency": 391.0883428603688,
    "bwall_latency": 0.0,
    "bw_latency": 0.0,
    "acc_latency": 0.0
}