{
    "num_layer": 24,
    "e2e_latency": 600.7094477713108,
    "fw_latency": 229.32742981518876,
    "bwall_latency": 371.382017956122,
    "bw_latency": 359.38216352795524,
    "acc_latency": 11.999854428166756
}