{
    "num_layer": 36,
    "e2e_latency": 742.1467064930281,
    "fw_latency": 742.1467064930281,
    "bwall_latency": 0.0,
    "bw_latency": 0.0,
    "acc_latency": 0.0
}