{
    "num_layer": 36,
    "e2e_latency": 592.9695884476946,
    "fw_latency": 207.73078085461748,
    "bwall_latency": 385.2388075930771,
    "bw_latency": 335.494562372575,
    "acc_latency": 49.74424522050214
}