{
    "num_layer": 36,
    "e2e_latency": 1482.8696767838362,
    "fw_latency": 1482.8696767838362,
    "bwall_latency": 0.0,
    "bw_latency": 0.0,
    "acc_latency": 0.0
}