{
    "num_layer": 36,
    "e2e_latency": 2190.2479403185694,
    "fw_latency": 826.6519148263615,
    "bwall_latency": 1363.596025492208,
    "bw_latency": 1331.5603306293876,
    "acc_latency": 32.03569486282021
}