{
    "num_layer": 24,
    "e2e_latency": 4894.8017514540725,
    "fw_latency": 1752.5346579728648,
    "bwall_latency": 3142.2670934812077,
    "bw_latency": 2990.00633456201,
    "acc_latency": 152.26075891919777
}