{
    "num_layer": 32,
    "e2e_latency": 3139.9926088813936,
    "fw_latency": 1110.9114491627163,
    "bwall_latency": 2029.0811597186776,
    "bw_latency": 1854.9340454716003,
    "acc_latency": 174.14711424707718
}