{
    "num_layer": 32,
    "e2e_latency": 6048.946838162367,
    "fw_latency": 2216.7529844116266,
    "bwall_latency": 3832.1938537507413,
    "bw_latency": 3700.0061590430173,
    "acc_latency": 132.1876947077243
}