{
    "num_layer": 32,
    "e2e_latency": 1986.4925677449596,
    "fw_latency": 1986.4925677449596,
    "bwall_latency": 0.0,
    "bw_latency": 0.0,
    "acc_latency": 0.0
}