{
    "num_layer": 24,
    "e2e_latency": 2584.2412272654847,
    "fw_latency": 878.1842753578287,
    "bwall_latency": 1706.0569519076562,
    "bw_latency": 1499.4203239077856,
    "acc_latency": 206.63662799987037
}