{
    "num_layer": 24,
    "e2e_latency": 6457.386953663081,
    "fw_latency": 6457.386953663081,
    "bwall_latency": 0.0,
    "bw_latency": 0.0,
    "acc_latency": 0.0
}