{
    "num_layer": 24,
    "e2e_latency": 1617.2221579728648,
    "fw_latency": 1617.2221579728648,
    "bwall_latency": 0.0,
    "bw_latency": 0.0,
    "acc_latency": 0.0
}