{
    "num_layer": 32,
    "e2e_latency": 7930.760529354835,
    "fw_latency": 7930.760529354835,
    "bwall_latency": 0.0,
    "bw_latency": 0.0,
    "acc_latency": 0.0
}