{
    "num_layer": 24,
    "e2e_latency": 1485.204534835904,
    "fw_latency": 551.841430108636,
    "bwall_latency": 933.3631047272684,
    "bw_latency": 886.2512938937975,
    "acc_latency": 47.11181083347071
}