{
    "num_layer": 24,
    "e2e_latency": 2920.531875340882,
    "fw_latency": 1103.578636950453,
    "bwall_latency": 1816.9532383904289,
    "bw_latency": 1769.8414275569583,
    "acc_latency": 47.11181083347071
}