{
    "num_layer": 24,
    "e2e_latency": 933.5786369504531,
    "fw_latency": 933.5786369504531,
    "bwall_latency": 0.0,
    "bw_latency": 0.0,
    "acc_latency": 0.0
}