{
    "num_layer": 24,
    "e2e_latency": 1575.1543520599057,
    "fw_latency": 399.2591384824236,
    "bwall_latency": 1175.895213577482,
    "bw_latency": 654.8717801845928,
    "acc_latency": 521.023433392889
}