{
    "num_layer": 24,
    "e2e_latency": 1108.5554216391756,
    "fw_latency": 219.9861800285906,
    "bwall_latency": 888.5692416105851,
    "bw_latency": 367.5458082176959,
    "acc_latency": 521.023433392889
}