{
    "num_layer": 24,
    "e2e_latency": 195.27840599334604,
    "fw_latency": 195.27840599334604,
    "bwall_latency": 0.0,
    "bw_latency": 0.0,
    "acc_latency": 0.0
}