{
    "num_layer": 24,
    "e2e_latency": 408.4984951279904,
    "fw_latency": 408.4984951279904,
    "bwall_latency": 0.0,
    "bw_latency": 0.0,
    "acc_latency": 0.0
}