{
    "num_layer": 24,
    "e2e_latency": 687.4523934052136,
    "fw_latency": 687.4523934052136,
    "bwall_latency": 0.0,
    "bw_latency": 0.0,
    "acc_latency": 0.0
}