{
    "num_layer": 36,
    "e2e_latency": 1223.6875916419367,
    "fw_latency": 1223.6875916419367,
    "bwall_latency": 0.0,
    "bw_latency": 0.0,
    "acc_latency": 0.0
}