{
    "num_layer": 32,
    "e2e_latency": 4592.12640909514,
    "fw_latency": 4592.12640909514,
    "bwall_latency": 0.0,
    "bw_latency": 0.0,
    "acc_latency": 0.0
}