{
    "num_layer": 24,
    "e2e_latency": 25154.500900326893,
    "fw_latency": 25154.500900326893,
    "bwall_latency": 0.0,
    "bw_latency": 0.0,
    "acc_latency": 0.0
}