{
    "num_layer": 32,
    "e2e_latency": 21475.11174046254,
    "fw_latency": 21475.11174046254,
    "bwall_latency": 0.0,
    "bw_latency": 0.0,
    "acc_latency": 0.0
}