{
    "num_layer": 24,
    "e2e_latency": 2229.01379762288,
    "fw_latency": 2229.01379762288,
    "bwall_latency": 0.0,
    "bw_latency": 0.0,
    "acc_latency": 0.0
}