{
    "num_layer": 24,
    "e2e_latency": 7618.590296015504,
    "fw_latency": 7618.590296015504,
    "bwall_latency": 0.0,
    "bw_latency": 0.0,
    "acc_latency": 0.0
}