{
    "num_layer": 24,
    "e2e_latency": 1195.7317224769795,
    "fw_latency": 1195.7317224769795,
    "bwall_latency": 0.0,
    "bw_latency": 0.0,
    "acc_latency": 0.0
}