{
    "num_layer": 24,
    "e2e_latency": 1342.6072802166302,
    "fw_latency": 1342.6072802166302,
    "bwall_latency": 0.0,
    "bw_latency": 0.0,
    "acc_latency": 0.0
}