{
    "num_layer": 24,
    "e2e_latency": 4050.611050968917,
    "fw_latency": 1358.243354504744,
    "bwall_latency": 2692.3676964641727,
    "bw_latency": 2692.1684236874876,
    "acc_latency": 0.19927277668581408
}