{
    "num_layer": 24,
    "e2e_latency": 3995.4330364795005,
    "fw_latency": 1324.662184288382,
    "bwall_latency": 2670.770852191118,
    "bw_latency": 2670.5715794144326,
    "acc_latency": 0.19927277668581408
}