{
    "num_layer": 24,
    "e2e_latency": 1313.8192138333566,
    "fw_latency": 1313.8192138333566,
    "bwall_latency": 0.0,
    "bw_latency": 0.0,
    "acc_latency": 0.0
}