{
    "num_layer": 36,
    "e2e_latency": 3855.063870832,
    "fw_latency": 1243.6539629083986,
    "bwall_latency": 2611.409907923601,
    "bw_latency": 2610.9553255341325,
    "acc_latency": 0.45458238946849416
}