{
    "num_layer": 36,
    "e2e_latency": 1307.2227256363262,
    "fw_latency": 1307.2227256363262,
    "bwall_latency": 0.0,
    "bw_latency": 0.0,
    "acc_latency": 0.0
}