{
    "num_layer": 36,
    "e2e_latency": 1298.646974505058,
    "fw_latency": 1298.646974505058,
    "bwall_latency": 0.0,
    "bw_latency": 0.0,
    "acc_latency": 0.0
}