{
    "num_layer": 36,
    "e2e_latency": 4013.779574983145,
    "fw_latency": 1306.0381005983527,
    "bwall_latency": 2707.741474384792,
    "bw_latency": 2707.2868919953235,
    "acc_latency": 0.45458238946849416
}