{
    "num_layer": 32,
    "e2e_latency": 4304.743438547834,
    "fw_latency": 1307.1422502927032,
    "bwall_latency": 2997.60118825513,
    "bw_latency": 2996.094227653648,
    "acc_latency": 1.5069606014825876
}