{
    "num_layer": 24,
    "e2e_latency": 3115.8207878217845,
    "fw_latency": 935.0735732605589,
    "bwall_latency": 2180.7472145612264,
    "bw_latency": 2179.1030350122833,
    "acc_latency": 1.6441795489428035
}