{
    "num_layer": 32,
    "e2e_latency": 1287.0028552489714,
    "fw_latency": 1287.0028552489714,
    "bwall_latency": 0.0,
    "bw_latency": 0.0,
    "acc_latency": 0.0
}