{
    "num_layer": 32,
    "e2e_latency": 3973.88732096723,
    "fw_latency": 1196.9854516360942,
    "bwall_latency": 2776.9018693311355,
    "bw_latency": 2775.3949087296523,
    "acc_latency": 1.5069606014825876
}