{
    "num_layer": 24,
    "e2e_latency": 2917.9342205488438,
    "fw_latency": 868.3456334045923,
    "bwall_latency": 2049.5885871442515,
    "bw_latency": 2047.9444075953088,
    "acc_latency": 1.6441795489428035
}