{
    "num_layer": 32,
    "e2e_latency": 1846.5229997195001,
    "fw_latency": 1846.5229997195001,
    "bwall_latency": 0.0,
    "bw_latency": 0.0,
    "acc_latency": 0.0
}