{
    "num_layer": 24,
    "e2e_latency": 1257.6966697442463,
    "fw_latency": 1257.6966697442463,
    "bwall_latency": 0.0,
    "bw_latency": 0.0,
    "acc_latency": 0.0
}