{
    "num_layer": 24,
    "e2e_latency": 1663.502415245846,
    "fw_latency": 1663.502415245846,
    "bwall_latency": 0.0,
    "bw_latency": 0.0,
    "acc_latency": 0.0
}