{
    "num_layer": 24,
    "e2e_latency": 4339.885472848598,
    "fw_latency": 1378.7705947780237,
    "bwall_latency": 2961.1148780705735,
    "bw_latency": 2960.3467042271727,
    "acc_latency": 0.7681738434008878
}