{
    "num_layer": 24,
    "e2e_latency": 1445.4037083067437,
    "fw_latency": 1445.4037083067437,
    "bwall_latency": 0.0,
    "bw_latency": 0.0,
    "acc_latency": 0.0
}