{
    "num_layer": 24,
    "e2e_latency": 4557.3179837818925,
    "fw_latency": 1460.2725129714668,
    "bwall_latency": 3097.0454708104257,
    "bw_latency": 3096.277296967025,
    "acc_latency": 0.7681738434008878
}