{
    "num_layer": 24,
    "e2e_latency": 13797.42116512855,
    "fw_latency": 4536.416492085259,
    "bwall_latency": 9261.004673043291,
    "bw_latency": 9258.140938170729,
    "acc_latency": 2.863734872562071
}