{
    "num_layer": 24,
    "e2e_latency": 4474.706214516895,
    "fw_latency": 4474.706214516895,
    "bwall_latency": 0.0,
    "bw_latency": 0.0,
    "acc_latency": 0.0
}