{
    "num_layer": 24,
    "e2e_latency": 13677.677469398135,
    "fw_latency": 4476.830055560411,
    "bwall_latency": 9200.847413837724,
    "bw_latency": 9197.983678965164,
    "acc_latency": 2.863734872562071
}