{
    "num_layer": 24,
    "e2e_latency": 319.0900761091621,
    "fw_latency": 319.0900761091621,
    "bwall_latency": 0.0,
    "bw_latency": 0.0,
    "acc_latency": 0.0
}