{
    "num_layer": 24,
    "e2e_latency": 638.1719289884938,
    "fw_latency": 638.1719289884938,
    "bwall_latency": 0.0,
    "bw_latency": 0.0,
    "acc_latency": 0.0
}