{
    "num_layer": 36,
    "e2e_latency": 932.5439210802133,
    "fw_latency": 932.5439210802133,
    "bwall_latency": 0.0,
    "bw_latency": 0.0,
    "acc_latency": 0.0
}