{
    "num_layer": 36,
    "e2e_latency": 1864.5043437128384,
    "fw_latency": 1864.5043437128384,
    "bwall_latency": 0.0,
    "bw_latency": 0.0,
    "acc_latency": 0.0
}