{
    "num_layer": 24,
    "e2e_latency": 12121.215180169454,
    "fw_latency": 12121.215180169454,
    "bwall_latency": 0.0,
    "bw_latency": 0.0,
    "acc_latency": 0.0
}