{
    "num_layer": 32,
    "e2e_latency": 3001.6888118637826,
    "fw_latency": 3001.6888118637826,
    "bwall_latency": 0.0,
    "bw_latency": 0.0,
    "acc_latency": 0.0
}