{
    "num_layer": 24,
    "e2e_latency": 1473.908248005393,
    "fw_latency": 1473.908248005393,
    "bwall_latency": 0.0,
    "bw_latency": 0.0,
    "acc_latency": 0.0
}