{
    "num_layer": 24,
    "e2e_latency": 5895.504848660725,
    "fw_latency": 5895.504848660725,
    "bwall_latency": 0.0,
    "bw_latency": 0.0,
    "acc_latency": 0.0
}