{
    "num_layer": 24,
    "e2e_latency": 321.95348339166287,
    "fw_latency": 321.95348339166287,
    "bwall_latency": 0.0,
    "bw_latency": 0.0,
    "acc_latency": 0.0
}