{
    "num_layer": 24,
    "e2e_latency": 643.6336928019548,
    "fw_latency": 643.6336928019548,
    "bwall_latency": 0.0,
    "bw_latency": 0.0,
    "acc_latency": 0.0
}