{
    "num_layer": 24,
    "e2e_latency": 537.7849821722366,
    "fw_latency": 537.7849821722366,
    "bwall_latency": 0.0,
    "bw_latency": 0.0,
    "acc_latency": 0.0
}