{
    "num_layer": 24,
    "e2e_latency": 943.0184472661434,
    "fw_latency": 943.0184472661434,
    "bwall_latency": 0.0,
    "bw_latency": 0.0,
    "acc_latency": 0.0
}