{
    "num_layer": 36,
    "e2e_latency": 2782.5024517943584,
    "fw_latency": 2782.5024517943584,
    "bwall_latency": 0.0,
    "bw_latency": 0.0,
    "acc_latency": 0.0
}