{
    "num_layer": 32,
    "e2e_latency": 4684.9041029866885,
    "fw_latency": 4684.9041029866885,
    "bwall_latency": 0.0,
    "bw_latency": 0.0,
    "acc_latency": 0.0
}