{
    "num_layer": 24,
    "e2e_latency": 4960.534451172026,
    "fw_latency": 4960.534451172026,
    "bwall_latency": 0.0,
    "bw_latency": 0.0,
    "acc_latency": 0.0
}