{
    "num_layer": 24,
    "e2e_latency": 9710.59794613552,
    "fw_latency": 9710.59794613552,
    "bwall_latency": 0.0,
    "bw_latency": 0.0,
    "acc_latency": 0.0
}