{
    "num_layer": 24,
    "e2e_latency": 1065.4319158151154,
    "fw_latency": 1065.4319158151154,
    "bwall_latency": 0.0,
    "bw_latency": 0.0,
    "acc_latency": 0.0
}