{
    "num_layer": 24,
    "e2e_latency": 135.00566482543945,
    "fw_latency": 47.36657638549805,
    "bwall_latency": 87.6390884399414
}