{
    "num_layer": 24,
    "e2e_latency": 134.11199645996095,
    "fw_latency": 134.11199645996095,
    "bwall_latency": 0
}