{
    "num_layer": 24,
    "e2e_latency": 430.43445739746096,
    "fw_latency": 155.44508361816406,
    "bwall_latency": 274.9893737792969
}