{
    "num_layer": 24,
    "e2e_latency": 261.22247924804685,
    "fw_latency": 261.22247924804685,
    "bwall_latency": 0
}