{
    "num_layer": 36,
    "e2e_latency": 351.2373626708984,
    "fw_latency": 126.27080688476562,
    "bwall_latency": 224.9665557861328
}