{
    "num_layer": 36,
    "e2e_latency": 763.47861328125,
    "fw_latency": 763.47861328125,
    "bwall_latency": 0
}