{
    "num_layer": 36,
    "e2e_latency": 395.6792358398437,
    "fw_latency": 395.6792358398437,
    "bwall_latency": 0
}