{
    "num_layer": 24,
    "e2e_latency": 1088.4197998046875,
    "fw_latency": 1088.4197998046875,
    "bwall_latency": 0
}