{
    "num_layer": 32,
    "e2e_latency": 1240.27958984375,
    "fw_latency": 1240.27958984375,
    "bwall_latency": 0
}