{
    "num_layer": 24,
    "e2e_latency": 2769.210400390625,
    "fw_latency": 2769.210400390625,
    "bwall_latency": 0
}