{
    "num_layer": 24,
    "e2e_latency": 683.4138427734375,
    "fw_latency": 683.4138427734375,
    "bwall_latency": 0
}