{
    "num_layer": 24,
    "e2e_latency": 494.06976205424803,
    "fw_latency": 169.20014518898157,
    "bwall_latency": 324.8696168652665,
    "bw_latency": 323.0091743070926,
    "acc_latency": 1.8604425581738582
}