{
    "num_layer": 24,
    "e2e_latency": 125.00840031003202,
    "fw_latency": 42.30236940001979,
    "bwall_latency": 82.70603091001223,
    "bw_latency": 80.84558835183836,
    "acc_latency": 1.8604425581738582
}