{
    "num_layer": 36,
    "e2e_latency": 331.7726367000299,
    "fw_latency": 112.15277840858333,
    "bwall_latency": 219.61985829144663,
    "bw_latency": 211.90757225322182,
    "acc_latency": 7.712286038224825
}