{
    "num_layer": 36,
    "e2e_latency": 1298.9307929195986,
    "fw_latency": 447.9489107502566,
    "bwall_latency": 850.981882169342,
    "bw_latency": 846.0151077941412,
    "acc_latency": 4.9667743752008775
}