{
    "num_layer": 32,
    "e2e_latency": 4267.429077278406,
    "fw_latency": 1453.5519210498098,
    "bwall_latency": 2813.8771562285965,
    "bw_latency": 2793.3829401471635,
    "acc_latency": 20.49421608143298
}