{
    "num_layer": 24,
    "e2e_latency": 4349.042069394947,
    "fw_latency": 1468.4301593529376,
    "bwall_latency": 2880.6119100420096,
    "bw_latency": 2857.005591507297,
    "acc_latency": 23.6063185347124
}