{
    "num_layer": 32,
    "e2e_latency": 2151.624491079097,
    "fw_latency": 727.168977108132,
    "bwall_latency": 1424.4555139709648,
    "bw_latency": 1397.4559609185576,
    "acc_latency": 26.99955305240742
}