{
    "num_layer": 24,
    "e2e_latency": 2195.7365935632115,
    "fw_latency": 734.512280663013,
    "bwall_latency": 1461.2243129001986,
    "bw_latency": 1429.1876262384208,
    "acc_latency": 32.036686661777836
}