{
    "num_layer": 24,
    "e2e_latency": 2120.9916196576905,
    "fw_latency": 727.1627912768226,
    "bwall_latency": 1393.828828380868,
    "bw_latency": 1386.5246716357092,
    "acc_latency": 7.304156745158608
}