{
    "num_layer": 24,
    "e2e_latency": 1064.3622590151808,
    "fw_latency": 363.5894749614207,
    "bwall_latency": 700.7727840537602,
    "bw_latency": 693.4686273086016,
    "acc_latency": 7.304156745158608
}