{
    "num_layer": 24,
    "e2e_latency": 544.1269749818234,
    "fw_latency": 158.19235646443872,
    "bwall_latency": 385.9346185173847,
    "bw_latency": 305.1557897199332,
    "acc_latency": 80.77882879745147
}