{
    "num_layer": 24,
    "e2e_latency": 1007.3346226640705,
    "fw_latency": 316.2755231453817,
    "bwall_latency": 691.0590995186888,
    "bw_latency": 610.2802707212372,
    "acc_latency": 80.77882879745147
}