{
    "num_layer": 24,
    "e2e_latency": 221.57097736837562,
    "fw_latency": 221.57097736837562,
    "bwall_latency": 0.0,
    "bw_latency": 0.0,
    "acc_latency": 0.0
}