{
    "num_layer": 24,
    "e2e_latency": 717.5384176212766,
    "fw_latency": 248.87645528672763,
    "bwall_latency": 468.66196233454895,
    "bw_latency": 464.6620107557849,
    "acc_latency": 3.999951578764094
}