{
    "num_layer": 24,
    "e2e_latency": 182.59016802744102,
    "fw_latency": 62.22412999310547,
    "bwall_latency": 120.36603803433556,
    "bw_latency": 116.36608645557146,
    "acc_latency": 3.999951578764094
}