{
    "num_layer": 36,
    "e2e_latency": 1961.7605259798338,
    "fw_latency": 686.1099318881559,
    "bwall_latency": 1275.6505940916782,
    "bw_latency": 1264.9720289313539,
    "acc_latency": 10.678565160324283
}