{
    "num_layer": 36,
    "e2e_latency": 1315.4084794794067,
    "fw_latency": 1315.4084794794067,
    "bwall_latency": 0.0,
    "bw_latency": 0.0,
    "acc_latency": 0.0
}