{
    "num_layer": 36,
    "e2e_latency": 505.57599867528154,
    "fw_latency": 171.88341702168447,
    "bwall_latency": 333.69258165359713,
    "bw_latency": 317.1111671379145,
    "acc_latency": 16.581414515682624
}