{
    "num_layer": 36,
    "e2e_latency": 657.941529110378,
    "fw_latency": 657.941529110378,
    "bwall_latency": 0.0,
    "bw_latency": 0.0,
    "acc_latency": 0.0
}