{
    "num_layer": 32,
    "e2e_latency": 3196.745708071967,
    "fw_latency": 1086.9976522674713,
    "bwall_latency": 2109.748055804496,
    "bw_latency": 2051.699018614454,
    "acc_latency": 58.04903719004173
}