{
    "num_layer": 32,
    "e2e_latency": 6316.478622749721,
    "fw_latency": 2172.3053332303407,
    "bwall_latency": 4144.173289519379,
    "bw_latency": 4100.110726595513,
    "acc_latency": 44.06256292386601
}