{
    "num_layer": 24,
    "e2e_latency": 3198.803880362878,
    "fw_latency": 1071.8581385899515,
    "bwall_latency": 2126.9457417729263,
    "bw_latency": 2058.06686649044,
    "acc_latency": 68.87887528248626
}