{
    "num_layer": 24,
    "e2e_latency": 2097.334146265639,
    "fw_latency": 2097.334146265639,
    "bwall_latency": 0.0,
    "bw_latency": 0.0,
    "acc_latency": 0.0
}