{
    "num_layer": 24,
    "e2e_latency": 6306.38085890411,
    "fw_latency": 2142.4383129323055,
    "bwall_latency": 4163.942545971804,
    "bw_latency": 4113.18896189636,
    "acc_latency": 50.75358407544428
}