{
    "num_layer": 32,
    "e2e_latency": 2095.5518610081185,
    "fw_latency": 2095.5518610081185,
    "bwall_latency": 0.0,
    "bw_latency": 0.0,
    "acc_latency": 0.0
}