{
    "num_layer": 32,
    "e2e_latency": 8377.137530118667,
    "fw_latency": 8377.137530118667,
    "bwall_latency": 0.0,
    "bw_latency": 0.0,
    "acc_latency": 0.0
}