{
    "num_layer": 24,
    "e2e_latency": 8385.502692319762,
    "fw_latency": 8385.502692319762,
    "bwall_latency": 0.0,
    "bw_latency": 0.0,
    "acc_latency": 0.0
}