{
    "num_layer": 24,
    "e2e_latency": 1023.3328114488982,
    "fw_latency": 1023.3328114488982,
    "bwall_latency": 0.0,
    "bw_latency": 0.0,
    "acc_latency": 0.0
}