{
    "num_layer": 24,
    "e2e_latency": 4093.2270225287716,
    "fw_latency": 4093.2270225287716,
    "bwall_latency": 0.0,
    "bw_latency": 0.0,
    "acc_latency": 0.0
}