{
    "num_layer": 24,
    "e2e_latency": 3109.9304220322438,
    "fw_latency": 1079.9994781155651,
    "bwall_latency": 2029.9309439166796,
    "bw_latency": 2014.2270065645685,
    "acc_latency": 15.703937352110842
}