{
    "num_layer": 24,
    "e2e_latency": 1563.2780769417539,
    "fw_latency": 540.0171096022525,
    "bwall_latency": 1023.2609673395013,
    "bw_latency": 1007.5570299873904,
    "acc_latency": 15.703937352110842
}