{
    "num_layer": 24,
    "e2e_latency": 1506.2812522194763,
    "fw_latency": 460.16297881853507,
    "bwall_latency": 1046.1182734009412,
    "bw_latency": 872.4437903518528,
    "acc_latency": 173.6744830490884
}