{
    "num_layer": 24,
    "e2e_latency": 443.7036246999746,
    "fw_latency": 443.7036246999746,
    "bwall_latency": 0.0,
    "bw_latency": 0.0,
    "acc_latency": 0.0
}