{
    "num_layer": 24,
    "e2e_latency": 221.96294379039068,
    "fw_latency": 221.96294379039068,
    "bwall_latency": 0.0,
    "bw_latency": 0.0,
    "acc_latency": 0.0
}