{
    "num_layer": 24,
    "e2e_latency": 840.1289036890688,
    "fw_latency": 230.19886847608151,
    "bwall_latency": 609.9300352129874,
    "bw_latency": 436.25555216389887,
    "acc_latency": 173.6744830490884
}