{
    "num_layer": 24,
    "e2e_latency": 141.87067723840124,
    "fw_latency": 141.87067723840124,
    "bwall_latency": 0.0,
    "bw_latency": 0.0,
    "acc_latency": 0.0
}