{
    "num_layer": 24,
    "e2e_latency": 435.3351044445689,
    "fw_latency": 156.61092170864833,
    "bwall_latency": 278.72418273592064,
    "bw_latency": 275.31163767390115,
    "acc_latency": 3.4125450620194897
}