{
    "num_layer": 24,
    "e2e_latency": 138.5663290972466,
    "fw_latency": 48.07338899784709,
    "bwall_latency": 90.49294009939953,
    "bw_latency": 87.08039503738004,
    "acc_latency": 3.4125450620194897
}