{
    "num_layer": 36,
    "e2e_latency": 770.6172033834197,
    "fw_latency": 770.6172033834197,
    "bwall_latency": 0.0,
    "bw_latency": 0.0,
    "acc_latency": 0.0
}