{
    "num_layer": 32,
    "e2e_latency": 1197.7402701636029,
    "fw_latency": 1197.7402701636029,
    "bwall_latency": 0.0,
    "bw_latency": 0.0,
    "acc_latency": 0.0
}