{
    "num_layer": 32,
    "e2e_latency": 3653.605811697219,
    "fw_latency": 1239.8610780904319,
    "bwall_latency": 2413.744733606787,
    "bw_latency": 2382.331184689743,
    "acc_latency": 31.413548917043954
}