{
    "num_layer": 32,
    "e2e_latency": 1886.5544947663361,
    "fw_latency": 628.3189110675467,
    "bwall_latency": 1258.2355836987895,
    "bw_latency": 1216.621358739159,
    "acc_latency": 41.61422495963052
}