{
    "num_layer": 24,
    "e2e_latency": 4445.859561428688,
    "fw_latency": 4445.859561428688,
    "bwall_latency": 0.0,
    "bw_latency": 0.0,
    "acc_latency": 0.0
}