{
    "num_layer": 24,
    "e2e_latency": 3522.0455423732174,
    "fw_latency": 1168.6687208481399,
    "bwall_latency": 2353.3768215250766,
    "bw_latency": 2318.0719628847746,
    "acc_latency": 35.30485864030197
}