{
    "num_layer": 32,
    "e2e_latency": 4682.899982229914,
    "fw_latency": 4682.899982229914,
    "bwall_latency": 0.0,
    "bw_latency": 0.0,
    "acc_latency": 0.0
}