{
    "num_layer": 24,
    "e2e_latency": 1795.0406368835702,
    "fw_latency": 581.2960890110046,
    "bwall_latency": 1213.7445478725656,
    "bw_latency": 1165.4177331507613,
    "acc_latency": 48.32681472180411
}