{
    "num_layer": 24,
    "e2e_latency": 1485.1850830078124,
    "fw_latency": 1485.1850830078124,
    "bwall_latency": 0
}