{
    "num_layer": 24,
    "e2e_latency": 694.4645385742188,
    "fw_latency": 694.4645385742188,
    "bwall_latency": 0
}