{
    "num_layer": 36,
    "e2e_latency": 4822.509765625,
    "fw_latency": 4822.509765625,
    "bwall_latency": 0
}