{
    "num_layer": 36,
    "e2e_latency": 2505.220947265625,
    "fw_latency": 2505.220947265625,
    "bwall_latency": 0
}