{
    "num_layer": 24,
    "e2e_latency": 3889.72373046875,
    "fw_latency": 3889.72373046875,
    "bwall_latency": 0
}