{
    "num_layer": 24,
    "e2e_latency": 136.78402709960938,
    "fw_latency": 136.78402709960938,
    "bwall_latency": 0
}