{
    "num_layer": 0,
    "e2e_latency": 64.95361785888672,
    "fw_latency": 64.95361785888672,
    "bwall_latency": 0
}