{
    "num_layer": 0,
    "e2e_latency": 127.01278533935547,
    "fw_latency": 127.01278533935547,
    "bwall_latency": 0
}