{
    "num_layer": 24,
    "e2e_latency": 235.98294982910156,
    "fw_latency": 88.49349060058594,
    "bwall_latency": 147.4894592285156
}