{
    "num_layer": 24,
    "e2e_latency": 69.84225921630859,
    "fw_latency": 69.84225921630859,
    "bwall_latency": 0
}