{
    "num_layer": 24,
    "e2e_latency": 74.7511417388916,
    "fw_latency": 29.458060836791994,
    "bwall_latency": 45.29308090209961
}