{
    "num_layer": 36,
    "e2e_latency": 183.97714614868164,
    "fw_latency": 63.699065399169925,
    "bwall_latency": 120.27808074951172
}