{
    "num_layer": 36,
    "e2e_latency": 638.8086059570312,
    "fw_latency": 226.32727661132813,
    "bwall_latency": 412.4813293457031
}