{
    "num_layer": 36,
    "e2e_latency": 215.03245239257814,
    "fw_latency": 215.03245239257814,
    "bwall_latency": 0
}