{
    "num_layer": 36,
    "e2e_latency": 414.34996337890624,
    "fw_latency": 414.34996337890624,
    "bwall_latency": 0
}