{
    "num_layer": 0,
    "e2e_latency": 174.7326904296875,
    "fw_latency": 174.7326904296875,
    "bwall_latency": 0
}