{
    "num_layer": 0,
    "e2e_latency": 343.36004638671875,
    "fw_latency": 343.36004638671875,
    "bwall_latency": 0
}