{
    "num_layer": 32,
    "e2e_latency": 666.4583251953125,
    "fw_latency": 666.4583251953125,
    "bwall_latency": 0
}