{
    "num_layer": 24,
    "e2e_latency": 933.436834716797,
    "fw_latency": 326.71604614257814,
    "bwall_latency": 606.7207885742188
}