{
    "num_layer": 24,
    "e2e_latency": 620.0428344726563,
    "fw_latency": 620.0428344726563,
    "bwall_latency": 0
}