{
    "num_layer": 32,
    "e2e_latency": 998.7345092773437,
    "fw_latency": 348.0897705078125,
    "bwall_latency": 650.6447387695313
}