{
    "num_layer": 24,
    "e2e_latency": 2413.5388671875,
    "fw_latency": 2413.5388671875,
    "bwall_latency": 0
}