{
    "num_layer": 24,
    "e2e_latency": 1349.448291015625,
    "fw_latency": 1349.448291015625,
    "bwall_latency": 0
}