{
    "num_layer": 24,
    "e2e_latency": 340.4776672363281,
    "fw_latency": 340.4776672363281,
    "bwall_latency": 0
}