{
    "num_layer": 24,
    "e2e_latency": 1015.9246765136719,
    "fw_latency": 344.1983947753906,
    "bwall_latency": 671.7262817382813
}