{
    "num_layer": 24,
    "e2e_latency": 513.279995727539,
    "fw_latency": 174.2586456298828,
    "bwall_latency": 339.02135009765624
}