{
    "num_layer": 0,
    "e2e_latency": 511.21619567871096,
    "fw_latency": 195.05577697753907,
    "bwall_latency": 316.16041870117186
}