{
    "num_layer": 0,
    "e2e_latency": 159.38726196289062,
    "fw_latency": 159.38726196289062,
    "bwall_latency": 0
}