{
    "num_layer": 0,
    "e2e_latency": 96.64803771972656,
    "fw_latency": 96.64803771972656,
    "bwall_latency": 0
}