{
    "num_layer": 0,
    "e2e_latency": 332.27317199707034,
    "fw_latency": 135.8360626220703,
    "bwall_latency": 196.437109375
}