{
    "num_layer": 24,
    "e2e_latency": 1132.6391931349194,
    "fw_latency": 1132.6391931349194,
    "bwall_latency": 0.0,
    "bw_latency": 0.0,
    "acc_latency": 0.0
}