{
    "num_layer": 24,
    "e2e_latency": 2441.371306005756,
    "fw_latency": 2441.371306005756,
    "bwall_latency": 0.0,
    "bw_latency": 0.0,
    "acc_latency": 0.0
}