{
    "num_layer": 36,
    "e2e_latency": 4435.556586499539,
    "fw_latency": 4435.556586499539,
    "bwall_latency": 0.0,
    "bw_latency": 0.0,
    "acc_latency": 0.0
}