{
    "num_layer": 24,
    "e2e_latency": 26512.23479032828,
    "fw_latency": 26512.23479032828,
    "bwall_latency": 0.0,
    "bw_latency": 0.0,
    "acc_latency": 0.0
}