{
    "num_layer": 24,
    "e2e_latency": 9486.95287720087,
    "fw_latency": 9486.95287720087,
    "bwall_latency": 0.0,
    "bw_latency": 0.0,
    "acc_latency": 0.0
}