{
    "num_layer": 24,
    "e2e_latency": 3140.946047299109,
    "fw_latency": 3140.946047299109,
    "bwall_latency": 0.0,
    "bw_latency": 0.0,
    "acc_latency": 0.0
}