{
    "num_layer": 24,
    "e2e_latency": 1651.4601565611138,
    "fw_latency": 1651.4601565611138,
    "bwall_latency": 0.0,
    "bw_latency": 0.0,
    "acc_latency": 0.0
}