{
    "num_layer": 24,
    "e2e_latency": 85.19366742896558,
    "fw_latency": 28.913012791223885,
    "bwall_latency": 56.280654637741705,
    "bw_latency": 54.5524187619251,
    "acc_latency": 1.7282358758166083
}