{
    "num_layer": 24,
    "e2e_latency": 144.74614235248936,
    "fw_latency": 144.74614235248936,
    "bwall_latency": 0.0,
    "bw_latency": 0.0,
    "acc_latency": 0.0
}