{
    "num_layer": 24,
    "e2e_latency": 154.8326895166149,
    "fw_latency": 154.8326895166149,
    "bwall_latency": 0.0,
    "bw_latency": 0.0,
    "acc_latency": 0.0
}