{
    "num_layer": 24,
    "e2e_latency": 80.91178113899076,
    "fw_latency": 80.91178113899076,
    "bwall_latency": 0.0,
    "bw_latency": 0.0,
    "acc_latency": 0.0
}