{
    "num_layer": 24,
    "e2e_latency": 277.55901839397984,
    "fw_latency": 93.82750823394521,
    "bwall_latency": 183.73151016003462,
    "bw_latency": 182.003274284218,
    "acc_latency": 1.7282358758166083
}