{
    "num_layer": 36,
    "e2e_latency": 442.52774954718586,
    "fw_latency": 442.52774954718586,
    "bwall_latency": 0.0,
    "bw_latency": 0.0,
    "acc_latency": 0.0
}