{
    "num_layer": 36,
    "e2e_latency": 409.86866728371825,
    "fw_latency": 409.86866728371825,
    "bwall_latency": 0.0,
    "bw_latency": 0.0,
    "acc_latency": 0.0
}