{
    "num_layer": 36,
    "e2e_latency": 208.44939511237874,
    "fw_latency": 208.44939511237874,
    "bwall_latency": 0.0,
    "bw_latency": 0.0,
    "acc_latency": 0.0
}