{
    "num_layer": 36,
    "e2e_latency": 649.5551926095923,
    "fw_latency": 215.84052120567318,
    "bwall_latency": 433.71467140391906,
    "bw_latency": 429.54627781514864,
    "acc_latency": 4.168393588770414
}