{
    "num_layer": 36,
    "e2e_latency": 214.06559703188918,
    "fw_latency": 71.4417729524133,
    "bwall_latency": 142.62382407947587,
    "bw_latency": 136.33684290949748,
    "acc_latency": 6.2869811699783895
}