{
    "num_layer": 24,
    "e2e_latency": 944.7892015823427,
    "fw_latency": 319.52861685782864,
    "bwall_latency": 625.260584724514,
    "bw_latency": 602.3903465089679,
    "acc_latency": 22.870238215546124
}