{
    "num_layer": 32,
    "e2e_latency": 1014.5915172223849,
    "fw_latency": 344.30776310281794,
    "bwall_latency": 670.2837541195671,
    "bw_latency": 650.4391714368588,
    "acc_latency": 19.84458268270828
}