{
    "num_layer": 24,
    "e2e_latency": 2506.7400328470744,
    "fw_latency": 2506.7400328470744,
    "bwall_latency": 0.0,
    "bw_latency": 0.0,
    "acc_latency": 0.0
}