{
    "num_layer": 24,
    "e2e_latency": 1936.5597017572468,
    "fw_latency": 670.152537372849,
    "bwall_latency": 1266.4071643843977,
    "bw_latency": 1249.2174187823161,
    "acc_latency": 17.18974560208153
}