{
    "num_layer": 32,
    "e2e_latency": 2577.0338257820276,
    "fw_latency": 2577.0338257820276,
    "bwall_latency": 0.0,
    "bw_latency": 0.0,
    "acc_latency": 0.0
}