{
    "num_layer": 32,
    "e2e_latency": 2047.720298843482,
    "fw_latency": 691.1851688592958,
    "bwall_latency": 1356.5351299841861,
    "bw_latency": 1341.1934807738728,
    "acc_latency": 15.341649210313335
}