{
    "num_layer": 24,
    "e2e_latency": 520.806559599858,
    "fw_latency": 178.80839014067652,
    "bwall_latency": 341.99816945918155,
    "bw_latency": 336.1481807064383,
    "acc_latency": 5.849988752743229
}