{
    "num_layer": 24,
    "e2e_latency": 333.5131349264601,
    "fw_latency": 333.5131349264601,
    "bwall_latency": 0.0,
    "bw_latency": 0.0,
    "acc_latency": 0.0
}