{
    "num_layer": 24,
    "e2e_latency": 1014.5343167627585,
    "fw_latency": 348.381939591183,
    "bwall_latency": 666.1523771715754,
    "bw_latency": 660.3023884188322,
    "acc_latency": 5.849988752743229
}