{
    "num_layer": 24,
    "e2e_latency": 1407.9110287640767,
    "fw_latency": 1407.9110287640767,
    "bwall_latency": 0.0,
    "bw_latency": 0.0,
    "acc_latency": 0.0
}