{
    "num_layer": 24,
    "e2e_latency": 163.3249885905995,
    "fw_latency": 163.3249885905995,
    "bwall_latency": 0.0,
    "bw_latency": 0.0,
    "acc_latency": 0.0
}