{
    "num_layer": 24,
    "e2e_latency": 340.97722342330064,
    "fw_latency": 92.73597444960348,
    "bwall_latency": 248.2412489736972,
    "bw_latency": 189.11310946597686,
    "acc_latency": 59.128139507720334
}