{
    "num_layer": 24,
    "e2e_latency": 90.5285009535726,
    "fw_latency": 90.5285009535726,
    "bwall_latency": 0.0,
    "bw_latency": 0.0,
    "acc_latency": 0.0
}