{
    "num_layer": 24,
    "e2e_latency": 557.785138311094,
    "fw_latency": 167.7163848536891,
    "bwall_latency": 390.0687534574049,
    "bw_latency": 330.9406139496846,
    "acc_latency": 59.128139507720334
}