{
    "num_layer": 24,
    "e2e_latency": 160.86997858297002,
    "fw_latency": 51.69430842834804,
    "bwall_latency": 109.17567015462197,
    "bw_latency": 108.8224372739524,
    "acc_latency": 0.3532328806695507
}