{
    "num_layer": 24,
    "e2e_latency": 168.96114890861992,
    "fw_latency": 52.771018955862836,
    "bwall_latency": 116.19012995275708,
    "bw_latency": 115.83689707208754,
    "acc_latency": 0.3532328806695507
}