{
    "num_layer": 36,
    "e2e_latency": 732.7012057507454,
    "fw_latency": 245.6547139850052,
    "bwall_latency": 487.04649176574026,
    "bw_latency": 486.2406945661172,
    "acc_latency": 0.8057971996231483
}