{
    "num_layer": 36,
    "e2e_latency": 406.358244416481,
    "fw_latency": 128.73425228633323,
    "bwall_latency": 277.6239921301478,
    "bw_latency": 276.81819493052467,
    "acc_latency": 0.8057971996231483
}