{
    "num_layer": 32,
    "e2e_latency": 1897.1117978636325,
    "fw_latency": 512.9748292760006,
    "bwall_latency": 1384.136968587632,
    "bw_latency": 1381.4657154601603,
    "acc_latency": 2.67125312747174
}