{
    "num_layer": 24,
    "e2e_latency": 1656.6506395929455,
    "fw_latency": 422.8487760331078,
    "bwall_latency": 1233.8018635598373,
    "bw_latency": 1230.887374644884,
    "acc_latency": 2.9144889149534947
}