{
    "num_layer": 32,
    "e2e_latency": 3014.0596973439765,
    "fw_latency": 889.0808841501059,
    "bwall_latency": 2124.9788131938703,
    "bw_latency": 2122.3075600663983,
    "acc_latency": 2.67125312747174
}