{
    "num_layer": 24,
    "e2e_latency": 2589.549695563489,
    "fw_latency": 740.7230776712089,
    "bwall_latency": 1848.82661789228,
    "bw_latency": 1845.9121289773266,
    "acc_latency": 2.9144889149534947
}