{
    "num_layer": 24,
    "e2e_latency": 1791.7672691771293,
    "fw_latency": 561.4559320713986,
    "bwall_latency": 1230.3113371057307,
    "bw_latency": 1228.9496646067714,
    "acc_latency": 1.3616724989593543
}