{
    "num_layer": 24,
    "e2e_latency": 1204.4489091936732,
    "fw_latency": 352.22270518412813,
    "bwall_latency": 852.226204009545,
    "bw_latency": 850.8645315105857,
    "acc_latency": 1.3616724989593543
}