{
    "num_layer": 24,
    "e2e_latency": 546.8492114347653,
    "fw_latency": 163.84917543350343,
    "bwall_latency": 383.0000360012619,
    "bw_latency": 377.923751439054,
    "acc_latency": 5.0762845622078885
}