{
    "num_layer": 24,
    "e2e_latency": 765.9012431062448,
    "fw_latency": 265.5784958145256,
    "bwall_latency": 500.3227472917192,
    "bw_latency": 495.2464627295113,
    "acc_latency": 5.0762845622078885
}