{
    "num_layer": 24,
    "e2e_latency": 1098.2671176683593,
    "fw_latency": 1098.2671176683593,
    "bwall_latency": 0.0,
    "bw_latency": 0.0,
    "acc_latency": 0.0
}