{
    "num_layer": 36,
    "e2e_latency": 1748.909769877645,
    "fw_latency": 1748.909769877645,
    "bwall_latency": 0.0,
    "bw_latency": 0.0,
    "acc_latency": 0.0
}