{
    "num_layer": 24,
    "e2e_latency": 7609.780789344843,
    "fw_latency": 7609.780789344843,
    "bwall_latency": 0.0,
    "bw_latency": 0.0,
    "acc_latency": 0.0
}