{
    "num_layer": 32,
    "e2e_latency": 7170.758328510924,
    "fw_latency": 7170.758328510924,
    "bwall_latency": 0.0,
    "bw_latency": 0.0,
    "acc_latency": 0.0
}