{
    "num_layer": 24,
    "e2e_latency": 14749.030088232528,
    "fw_latency": 14749.030088232528,
    "bwall_latency": 0.0,
    "bw_latency": 0.0,
    "acc_latency": 0.0
}