{
    "num_layer": 24,
    "e2e_latency": 3233.867104960045,
    "fw_latency": 3233.867104960045,
    "bwall_latency": 0.0,
    "bw_latency": 0.0,
    "acc_latency": 0.0
}