{
    "num_layer": 24,
    "e2e_latency": 554.1105009376865,
    "fw_latency": 554.1105009376865,
    "bwall_latency": 0.0,
    "bw_latency": 0.0,
    "acc_latency": 0.0
}