{
    "num_layer": 24,
    "e2e_latency": 210.1529710815187,
    "fw_latency": 210.1529710815187,
    "bwall_latency": 0.0,
    "bw_latency": 0.0,
    "acc_latency": 0.0
}