{
    "num_layer": 24,
    "e2e_latency": 415.0816781585803,
    "fw_latency": 415.0816781585803,
    "bwall_latency": 0.0,
    "bw_latency": 0.0,
    "acc_latency": 0.0
}