{
    "num_layer": 24,
    "e2e_latency": 830.1445456741106,
    "fw_latency": 830.1445456741106,
    "bwall_latency": 0.0,
    "bw_latency": 0.0,
    "acc_latency": 0.0
}