{
    "num_layer": 36,
    "e2e_latency": 1299.331766628893,
    "fw_latency": 1299.331766628893,
    "bwall_latency": 0.0,
    "bw_latency": 0.0,
    "acc_latency": 0.0
}