{
    "num_layer": 32,
    "e2e_latency": 15977.013608627021,
    "fw_latency": 15977.013608627021,
    "bwall_latency": 0.0,
    "bw_latency": 0.0,
    "acc_latency": 0.0
}