{
    "num_layer": 24,
    "e2e_latency": 3879.7535723773763,
    "fw_latency": 3879.7535723773763,
    "bwall_latency": 0.0,
    "bw_latency": 0.0,
    "acc_latency": 0.0
}