{
    "num_layer": 24,
    "e2e_latency": 15508.2314661704,
    "fw_latency": 15508.2314661704,
    "bwall_latency": 0.0,
    "bw_latency": 0.0,
    "acc_latency": 0.0
}