{
    "num_layer": 32,
    "e2e_latency": 3997.8181853482965,
    "fw_latency": 3997.8181853482965,
    "bwall_latency": 0.0,
    "bw_latency": 0.0,
    "acc_latency": 0.0
}