{
    "num_layer": 24,
    "e2e_latency": 1916.2644877188952,
    "fw_latency": 1916.2644877188952,
    "bwall_latency": 0.0,
    "bw_latency": 0.0,
    "acc_latency": 0.0
}