{
    "num_layer": 24,
    "e2e_latency": 810.5050421942656,
    "fw_latency": 810.5050421942656,
    "bwall_latency": 0.0,
    "bw_latency": 0.0,
    "acc_latency": 0.0
}