{
    "num_layer": 24,
    "e2e_latency": 719.1108661996843,
    "fw_latency": 242.2467249302514,
    "bwall_latency": 476.86414126943293,
    "bw_latency": 473.8005266055176,
    "acc_latency": 3.0636146639153594
}