{
    "num_layer": 24,
    "e2e_latency": 213.4335320348746,
    "fw_latency": 72.42364103175008,
    "bwall_latency": 141.0098910031245,
    "bw_latency": 137.94627633920913,
    "acc_latency": 3.0636146639153594
}