{
    "num_layer": 36,
    "e2e_latency": 496.5555939623507,
    "fw_latency": 167.0050662243034,
    "bwall_latency": 329.5505277380473,
    "bw_latency": 318.0840821621134,
    "acc_latency": 11.466445575933903
}