{
    "num_layer": 36,
    "e2e_latency": 1797.5186673041437,
    "fw_latency": 609.9147602267301,
    "bwall_latency": 1187.6039070774136,
    "bw_latency": 1179.8983113765867,
    "acc_latency": 7.7055957008269615
}