{
    "num_layer": 24,
    "e2e_latency": 6921.971496570079,
    "fw_latency": 2335.671849393765,
    "bwall_latency": 4586.299647176313,
    "bw_latency": 4554.511076049786,
    "acc_latency": 31.78857112652622
}