{
    "num_layer": 24,
    "e2e_latency": 3200.3298761846736,
    "fw_latency": 1065.136591888633,
    "bwall_latency": 2135.193284296041,
    "bw_latency": 2093.1955811254043,
    "acc_latency": 41.99770317063667
}