{
    "num_layer": 32,
    "e2e_latency": 6443.885087484272,
    "fw_latency": 2201.989335945116,
    "bwall_latency": 4241.895751539157,
    "bw_latency": 4212.995682005309,
    "acc_latency": 28.900069533847272
}