{
    "num_layer": 32,
    "e2e_latency": 2946.719781240253,
    "fw_latency": 978.3740330043394,
    "bwall_latency": 1968.3457482359127,
    "bw_latency": 1931.490888095902,
    "acc_latency": 36.854860140010715
}