{
    "num_layer": 24,
    "e2e_latency": 3062.6235693084573,
    "fw_latency": 1046.109939907474,
    "bwall_latency": 2016.513629400983,
    "bw_latency": 2005.761814353868,
    "acc_latency": 10.751815047115088
}