{
    "num_layer": 24,
    "e2e_latency": 1499.1980502902518,
    "fw_latency": 515.7491999497054,
    "bwall_latency": 983.4488503405464,
    "bw_latency": 972.6970352934313,
    "acc_latency": 10.751815047115088
}