{
    "num_layer": 24,
    "e2e_latency": 879.7471462755761,
    "fw_latency": 269.2015443516392,
    "bwall_latency": 610.5456019239369,
    "bw_latency": 503.56608739945443,
    "acc_latency": 106.97951452448251
}