{
    "num_layer": 24,
    "e2e_latency": 1469.8574845032877,
    "fw_latency": 466.1244330916861,
    "bwall_latency": 1003.7330514116015,
    "bw_latency": 896.753536887119,
    "acc_latency": 106.97951452448251
}