{
    "num_layer": 24,
    "e2e_latency": 939.8791857223841,
    "fw_latency": 939.8791857223841,
    "bwall_latency": 0.0,
    "bw_latency": 0.0,
    "acc_latency": 0.0
}