{
    "num_layer": 24,
    "e2e_latency": 1968.0607110480196,
    "fw_latency": 1968.0607110480196,
    "bwall_latency": 0.0,
    "bw_latency": 0.0,
    "acc_latency": 0.0
}