{
    "num_layer": 36,
    "e2e_latency": 2616.5826106909662,
    "fw_latency": 2616.5826106909662,
    "bwall_latency": 0.0,
    "bw_latency": 0.0,
    "acc_latency": 0.0
}