{
    "num_layer": 36,
    "e2e_latency": 5214.636221062392,
    "fw_latency": 5214.636221062392,
    "bwall_latency": 0.0,
    "bw_latency": 0.0,
    "acc_latency": 0.0
}