{
    "num_layer": 32,
    "e2e_latency": 34727.06603917759,
    "fw_latency": 34727.06603917759,
    "bwall_latency": 0.0,
    "bw_latency": 0.0,
    "acc_latency": 0.0
}