{
    "num_layer": 24,
    "e2e_latency": 36706.95981977042,
    "fw_latency": 36706.95981977042,
    "bwall_latency": 0.0,
    "bw_latency": 0.0,
    "acc_latency": 0.0
}