{
    "num_layer": 32,
    "e2e_latency": 9138.674132071901,
    "fw_latency": 9138.674132071901,
    "bwall_latency": 0.0,
    "bw_latency": 0.0,
    "acc_latency": 0.0
}