{
    "num_layer": 24,
    "e2e_latency": 17710.417007119395,
    "fw_latency": 17710.417007119395,
    "bwall_latency": 0.0,
    "bw_latency": 0.0,
    "acc_latency": 0.0
}