{
    "num_layer": 24,
    "e2e_latency": 4361.564651265508,
    "fw_latency": 4361.564651265508,
    "bwall_latency": 0.0,
    "bw_latency": 0.0,
    "acc_latency": 0.0
}