{
    "num_layer": 24,
    "e2e_latency": 887.3733336455302,
    "fw_latency": 887.3733336455302,
    "bwall_latency": 0.0,
    "bw_latency": 0.0,
    "acc_latency": 0.0
}