{
    "num_layer": 24,
    "e2e_latency": 1841.6962713029193,
    "fw_latency": 1841.6962713029193,
    "bwall_latency": 0.0,
    "bw_latency": 0.0,
    "acc_latency": 0.0
}