{
    "num_layer": 24,
    "e2e_latency": 1618.8963593264511,
    "fw_latency": 1618.8963593264511,
    "bwall_latency": 0.0,
    "bw_latency": 0.0,
    "acc_latency": 0.0
}