{
    "num_layer": 36,
    "e2e_latency": 6954.83515226321,
    "fw_latency": 6954.83515226321,
    "bwall_latency": 0.0,
    "bw_latency": 0.0,
    "acc_latency": 0.0
}