{
    "num_layer": 36,
    "e2e_latency": 16318.639024956306,
    "fw_latency": 16318.639024956306,
    "bwall_latency": 0.0,
    "bw_latency": 0.0,
    "acc_latency": 0.0
}