{
    "num_layer": 24,
    "e2e_latency": 31088.491539820094,
    "fw_latency": 31088.491539820094,
    "bwall_latency": 0.0,
    "bw_latency": 0.0,
    "acc_latency": 0.0
}