{
    "num_layer": 32,
    "e2e_latency": 122162.90921267745,
    "fw_latency": 122162.90921267745,
    "bwall_latency": 0.0,
    "bw_latency": 0.0,
    "acc_latency": 0.0
}