{
    "num_layer": 24,
    "e2e_latency": 129175.32928474246,
    "fw_latency": 129175.32928474246,
    "bwall_latency": 0.0,
    "bw_latency": 0.0,
    "acc_latency": 0.0
}