{
    "num_layer": 24,
    "e2e_latency": 12925.449516813083,
    "fw_latency": 12925.449516813083,
    "bwall_latency": 0.0,
    "bw_latency": 0.0,
    "acc_latency": 0.0
}