{
    "num_layer": 24,
    "e2e_latency": 617.1748442739045,
    "fw_latency": 617.1748442739045,
    "bwall_latency": 0.0,
    "bw_latency": 0.0,
    "acc_latency": 0.0
}