{
    "num_layer": 24,
    "e2e_latency": 1955.0360954581265,
    "fw_latency": 1955.0360954581265,
    "bwall_latency": 0.0,
    "bw_latency": 0.0,
    "acc_latency": 0.0
}