{
    "num_layer": 36,
    "e2e_latency": 452.1204549532544,
    "fw_latency": 452.1204549532544,
    "bwall_latency": 0.0,
    "bw_latency": 0.0,
    "acc_latency": 0.0
}