{
    "num_layer": 36,
    "e2e_latency": 903.9662341113303,
    "fw_latency": 903.9662341113303,
    "bwall_latency": 0.0,
    "bw_latency": 0.0,
    "acc_latency": 0.0
}