{
    "num_layer": 24,
    "e2e_latency": 5898.412533335285,
    "fw_latency": 5898.412533335285,
    "bwall_latency": 0.0,
    "bw_latency": 0.0,
    "acc_latency": 0.0
}