{
    "num_layer": 32,
    "e2e_latency": 5829.863537305504,
    "fw_latency": 5829.863537305504,
    "bwall_latency": 0.0,
    "bw_latency": 0.0,
    "acc_latency": 0.0
}