{
    "num_layer": 24,
    "e2e_latency": 1475.1578766601258,
    "fw_latency": 1475.1578766601258,
    "bwall_latency": 0.0,
    "bw_latency": 0.0,
    "acc_latency": 0.0
}