{
    "num_layer": 24,
    "e2e_latency": 716.751103230032,
    "fw_latency": 716.751103230032,
    "bwall_latency": 0.0,
    "bw_latency": 0.0,
    "acc_latency": 0.0
}