{
    "num_layer": 24,
    "e2e_latency": 2866.944090772128,
    "fw_latency": 2866.944090772128,
    "bwall_latency": 0.0,
    "bw_latency": 0.0,
    "acc_latency": 0.0
}