{
    "num_layer": 24,
    "e2e_latency": 313.4087568395159,
    "fw_latency": 313.4087568395159,
    "bwall_latency": 0.0,
    "bw_latency": 0.0,
    "acc_latency": 0.0
}