{
    "num_layer": 24,
    "e2e_latency": 156.7686988594083,
    "fw_latency": 156.7686988594083,
    "bwall_latency": 0.0,
    "bw_latency": 0.0,
    "acc_latency": 0.0
}