{
    "num_layer": 24,
    "e2e_latency": 1331.962451171875,
    "fw_latency": 1331.962451171875,
    "bwall_latency": 0
}