{
    "num_layer": 24,
    "e2e_latency": 3120.1314453125,
    "fw_latency": 3120.1314453125,
    "bwall_latency": 0
}