{
    "num_layer": 36,
    "e2e_latency": 3336.9251953125,
    "fw_latency": 3336.9251953125,
    "bwall_latency": 0
}