{
    "num_layer": 24,
    "e2e_latency": 558.5363909834996,
    "fw_latency": 558.5363909834996,
    "bwall_latency": 0.0,
    "bw_latency": 0.0,
    "acc_latency": 0.0
}