{
    "num_layer": 36,
    "e2e_latency": 2620.0925559271127,
    "fw_latency": 2620.0925559271127,
    "bwall_latency": 0.0,
    "bw_latency": 0.0,
    "acc_latency": 0.0
}