{
    "num_layer": 36,
    "e2e_latency": 6284.273976227269,
    "fw_latency": 6284.273976227269,
    "bwall_latency": 0.0,
    "bw_latency": 0.0,
    "acc_latency": 0.0
}