{
    "num_layer": 24,
    "e2e_latency": 11809.77536153514,
    "fw_latency": 11809.77536153514,
    "bwall_latency": 0.0,
    "bw_latency": 0.0,
    "acc_latency": 0.0
}