{
    "num_layer": 32,
    "e2e_latency": 48038.33770479541,
    "fw_latency": 48038.33770479541,
    "bwall_latency": 0.0,
    "bw_latency": 0.0,
    "acc_latency": 0.0
}