{
    "num_layer": 24,
    "e2e_latency": 4858.974485693761,
    "fw_latency": 4858.974485693761,
    "bwall_latency": 0.0,
    "bw_latency": 0.0,
    "acc_latency": 0.0
}