{
    "num_layer": 24,
    "e2e_latency": 23177.251105165487,
    "fw_latency": 23177.251105165487,
    "bwall_latency": 0.0,
    "bw_latency": 0.0,
    "acc_latency": 0.0
}