{
    "num_layer": 24,
    "e2e_latency": 814.1479699654155,
    "fw_latency": 814.1479699654155,
    "bwall_latency": 0.0,
    "bw_latency": 0.0,
    "acc_latency": 0.0
}