{
    "num_layer": 24,
    "e2e_latency": 277.49817795920535,
    "fw_latency": 277.49817795920535,
    "bwall_latency": 0.0,
    "bw_latency": 0.0,
    "acc_latency": 0.0
}