{
    "num_layer": 24,
    "e2e_latency": 115.34004592895508,
    "fw_latency": 40.69974594116211,
    "bwall_latency": 74.64029998779297
}