{
    "num_layer": 24,
    "e2e_latency": 124.21844940185547,
    "fw_latency": 124.21844940185547,
    "bwall_latency": 0
}