{
    "num_layer": 24,
    "e2e_latency": 404.03059692382817,
    "fw_latency": 143.7504638671875,
    "bwall_latency": 260.28013305664064
}