{
    "num_layer": 24,
    "e2e_latency": 245.49138793945312,
    "fw_latency": 245.49138793945312,
    "bwall_latency": 0
}