{
    "num_layer": 36,
    "e2e_latency": 367.4423461914063,
    "fw_latency": 367.4423461914063,
    "bwall_latency": 0
}