{
    "num_layer": 36,
    "e2e_latency": 313.28605194091796,
    "fw_latency": 114.1708267211914,
    "bwall_latency": 199.11522521972657
}