{
    "num_layer": 36,
    "e2e_latency": 728.647607421875,
    "fw_latency": 728.647607421875,
    "bwall_latency": 0
}