{
    "num_layer": 36,
    "e2e_latency": 1843.9113525390624,
    "fw_latency": 1115.8451171875,
    "bwall_latency": 728.0662353515625
}