{
    "num_layer": 24,
    "e2e_latency": 4827.61982421875,
    "fw_latency": 4827.61982421875,
    "bwall_latency": 0
}