{
    "num_layer": 24,
    "e2e_latency": 1254.150634765625,
    "fw_latency": 1254.150634765625,
    "bwall_latency": 0
}