{
    "num_layer": 24,
    "e2e_latency": 2122.6464965820314,
    "fw_latency": 1064.3480102539063,
    "bwall_latency": 1058.298486328125
}