{
    "num_layer": 32,
    "e2e_latency": 4950.95615234375,
    "fw_latency": 4950.95615234375,
    "bwall_latency": 0
}