{
    "num_layer": 24,
    "e2e_latency": 983.23828125,
    "fw_latency": 354.2291748046875,
    "bwall_latency": 629.0091064453125
}