{
    "num_layer": 24,
    "e2e_latency": 2499.493896484375,
    "fw_latency": 2499.493896484375,
    "bwall_latency": 0
}