{
    "num_layer": 24,
    "e2e_latency": 637.7127197265625,
    "fw_latency": 637.7127197265625,
    "bwall_latency": 0
}