{
    "num_layer": 24,
    "e2e_latency": 430.6445167167159,
    "fw_latency": 430.6445167167159,
    "bwall_latency": 0.0,
    "bw_latency": 0.0,
    "acc_latency": 0.0
}