{
    "num_layer": 24,
    "e2e_latency": 226.9602719922773,
    "fw_latency": 226.9602719922773,
    "bwall_latency": 0.0,
    "bw_latency": 0.0,
    "acc_latency": 0.0
}