{
    "num_layer": 36,
    "e2e_latency": 1207.7482191473696,
    "fw_latency": 1207.7482191473696,
    "bwall_latency": 0.0,
    "bw_latency": 0.0,
    "acc_latency": 0.0
}