{
    "num_layer": 36,
    "e2e_latency": 621.5281991103243,
    "fw_latency": 621.5281991103243,
    "bwall_latency": 0.0,
    "bw_latency": 0.0,
    "acc_latency": 0.0
}