{
    "num_layer": 32,
    "e2e_latency": 1935.894496711641,
    "fw_latency": 1935.894496711641,
    "bwall_latency": 0.0,
    "bw_latency": 0.0,
    "acc_latency": 0.0
}