{
    "num_layer": 32,
    "e2e_latency": 7647.177642792235,
    "fw_latency": 7647.177642792235,
    "bwall_latency": 0.0,
    "bw_latency": 0.0,
    "acc_latency": 0.0
}