{
    "num_layer": 24,
    "e2e_latency": 3816.9079428283903,
    "fw_latency": 3816.9079428283903,
    "bwall_latency": 0.0,
    "bw_latency": 0.0,
    "acc_latency": 0.0
}