{
    "num_layer": 24,
    "e2e_latency": 971.6631468979946,
    "fw_latency": 971.6631468979946,
    "bwall_latency": 0.0,
    "bw_latency": 0.0,
    "acc_latency": 0.0
}