{
    "num_layer": 24,
    "e2e_latency": 280.4899955557654,
    "fw_latency": 280.4899955557654,
    "bwall_latency": 0.0,
    "bw_latency": 0.0,
    "acc_latency": 0.0
}