{
    "num_layer": 24,
    "e2e_latency": 486.56323194309766,
    "fw_latency": 486.56323194309766,
    "bwall_latency": 0.0,
    "bw_latency": 0.0,
    "acc_latency": 0.0
}