{
    "num_layer": 24,
    "e2e_latency": 257.13561886517624,
    "fw_latency": 257.13561886517624,
    "bwall_latency": 0.0,
    "bw_latency": 0.0,
    "acc_latency": 0.0
}