{
    "num_layer": 36,
    "e2e_latency": 351.8092897198186,
    "fw_latency": 124.02165162997468,
    "bwall_latency": 227.78763808984388,
    "bw_latency": 214.76569648022144,
    "acc_latency": 13.021941609622445
}