{
    "num_layer": 36,
    "e2e_latency": 1234.7469917829321,
    "fw_latency": 417.21974415960153,
    "bwall_latency": 817.5272476233304,
    "bw_latency": 809.0349424761016,
    "acc_latency": 8.492305147228763
}