{
    "num_layer": 24,
    "e2e_latency": 572.2201082132837,
    "fw_latency": 572.2201082132837,
    "bwall_latency": 0.0,
    "bw_latency": 0.0,
    "acc_latency": 0.0
}