{
    "num_layer": 24,
    "e2e_latency": 1782.490664272159,
    "fw_latency": 603.3176691888934,
    "bwall_latency": 1179.1729950832655,
    "bw_latency": 1167.2871547830277,
    "acc_latency": 11.88584030023776
}