{
    "num_layer": 24,
    "e2e_latency": 927.1124989127425,
    "fw_latency": 312.0417550014703,
    "bwall_latency": 615.0707439112722,
    "bw_latency": 603.1849036110344,
    "acc_latency": 11.88584030023776
}