{
    "num_layer": 24,
    "e2e_latency": 303.0036426954988,
    "fw_latency": 303.0036426954988,
    "bwall_latency": 0.0,
    "bw_latency": 0.0,
    "acc_latency": 0.0
}