{
    "num_layer": 24,
    "e2e_latency": 493.0188990885447,
    "fw_latency": 172.71691371979688,
    "bwall_latency": 320.30198536874775,
    "bw_latency": 315.7454112812742,
    "acc_latency": 4.556574087473564
}