{
    "num_layer": 24,
    "e2e_latency": 165.78000268074118,
    "fw_latency": 58.17449385325951,
    "bwall_latency": 107.60550882748167,
    "bw_latency": 103.04893474000811,
    "acc_latency": 4.556574087473564
}