{
    "num_layer": 36,
    "e2e_latency": 884.7216203700771,
    "fw_latency": 884.7216203700771,
    "bwall_latency": 0.0,
    "bw_latency": 0.0,
    "acc_latency": 0.0
}