{
    "num_layer": 36,
    "e2e_latency": 1495.8566082638704,
    "fw_latency": 507.6655006805107,
    "bwall_latency": 988.1911075833596,
    "bw_latency": 977.0715570527937,
    "acc_latency": 11.119550530565903
}