{
    "num_layer": 36,
    "e2e_latency": 384.72282170012,
    "fw_latency": 130.98423720614113,
    "bwall_latency": 253.7385844939789,
    "bw_latency": 236.84161251963164,
    "acc_latency": 16.896971974347252
}