{
    "num_layer": 32,
    "e2e_latency": 1999.3638640791849,
    "fw_latency": 681.1891406642607,
    "bwall_latency": 1318.1747234149243,
    "bw_latency": 1263.7901541849005,
    "acc_latency": 54.38456923002377
}