{
    "num_layer": 32,
    "e2e_latency": 1263.7672076846366,
    "fw_latency": 1263.7672076846366,
    "bwall_latency": 0.0,
    "bw_latency": 0.0,
    "acc_latency": 0.0
}