{
    "num_layer": 24,
    "e2e_latency": 1865.037342916575,
    "fw_latency": 596.8348896037693,
    "bwall_latency": 1268.2024533128058,
    "bw_latency": 1204.9653330318322,
    "acc_latency": 63.23712028097361
}