{
    "num_layer": 32,
    "e2e_latency": 3931.3050102465104,
    "fw_latency": 1319.9282849204092,
    "bwall_latency": 2611.376725326101,
    "bw_latency": 2569.7632808147882,
    "acc_latency": 41.61344451131299
}