{
    "num_layer": 24,
    "e2e_latency": 3747.0859201590797,
    "fw_latency": 1201.491919902321,
    "bwall_latency": 2545.5940002567586,
    "bw_latency": 2498.644574835569,
    "acc_latency": 46.94942542118952
}