{
    "num_layer": 32,
    "e2e_latency": 5380.053358450599,
    "fw_latency": 5380.053358450599,
    "bwall_latency": 0.0,
    "bw_latency": 0.0,
    "acc_latency": 0.0
}