{
    "num_layer": 24,
    "e2e_latency": 1086.6970693908713,
    "fw_latency": 367.3674668968141,
    "bwall_latency": 719.3296024940574,
    "bw_latency": 703.7171449062081,
    "acc_latency": 15.612457587849349
}