{
    "num_layer": 24,
    "e2e_latency": 2075.3659760538294,
    "fw_latency": 708.034395749446,
    "bwall_latency": 1367.3315803043838,
    "bw_latency": 1351.7191227165345,
    "acc_latency": 15.612457587849349
}