{
    "num_layer": 24,
    "e2e_latency": 666.5709811152997,
    "fw_latency": 666.5709811152997,
    "bwall_latency": 0.0,
    "bw_latency": 0.0,
    "acc_latency": 0.0
}