{
    "num_layer": 24,
    "e2e_latency": 2692.750790093626,
    "fw_latency": 2692.750790093626,
    "bwall_latency": 0.0,
    "bw_latency": 0.0,
    "acc_latency": 0.0
}