{
    "num_layer": 24,
    "e2e_latency": 204.84349463742626,
    "fw_latency": 204.84349463742626,
    "bwall_latency": 0.0,
    "bw_latency": 0.0,
    "acc_latency": 0.0
}