{
    "num_layer": 24,
    "e2e_latency": 216.6524216670155,
    "fw_latency": 216.6524216670155,
    "bwall_latency": 0.0,
    "bw_latency": 0.0,
    "acc_latency": 0.0
}