{
    "num_layer": 36,
    "e2e_latency": 576.186991420835,
    "fw_latency": 576.186991420835,
    "bwall_latency": 0.0,
    "bw_latency": 0.0,
    "acc_latency": 0.0
}