{
    "num_layer": 36,
    "e2e_latency": 1107.8675274288012,
    "fw_latency": 1107.8675274288012,
    "bwall_latency": 0.0,
    "bw_latency": 0.0,
    "acc_latency": 0.0
}