{
    "num_layer": 36,
    "e2e_latency": 1179.4243917122817,
    "fw_latency": 1179.4243917122817,
    "bwall_latency": 0.0,
    "bw_latency": 0.0,
    "acc_latency": 0.0
}