{
    "num_layer": 36,
    "e2e_latency": 537.6047253621805,
    "fw_latency": 537.6047253621805,
    "bwall_latency": 0.0,
    "bw_latency": 0.0,
    "acc_latency": 0.0
}