{
    "num_layer": 32,
    "e2e_latency": 1849.8969149313932,
    "fw_latency": 1849.8969149313932,
    "bwall_latency": 0.0,
    "bw_latency": 0.0,
    "acc_latency": 0.0
}