{
    "num_layer": 24,
    "e2e_latency": 1821.5729464147103,
    "fw_latency": 1821.5729464147103,
    "bwall_latency": 0.0,
    "bw_latency": 0.0,
    "acc_latency": 0.0
}