{
    "num_layer": 24,
    "e2e_latency": 3736.610210269998,
    "fw_latency": 3736.610210269998,
    "bwall_latency": 0.0,
    "bw_latency": 0.0,
    "acc_latency": 0.0
}