{
    "num_layer": 24,
    "e2e_latency": 262.6073487066984,
    "fw_latency": 262.6073487066984,
    "bwall_latency": 0.0,
    "bw_latency": 0.0,
    "acc_latency": 0.0
}