{
    "num_layer": 24,
    "e2e_latency": 2324.9826151818197,
    "fw_latency": 773.5405812016814,
    "bwall_latency": 1551.4420339801384,
    "bw_latency": 1549.1636817862434,
    "acc_latency": 2.2783521938949516
}