{
    "num_layer": 24,
    "e2e_latency": 727.3920543572865,
    "fw_latency": 727.3920543572865,
    "bwall_latency": 0.0,
    "bw_latency": 0.0,
    "acc_latency": 0.0
}