{
    "num_layer": 24,
    "e2e_latency": 2303.8196882170696,
    "fw_latency": 759.0291527752337,
    "bwall_latency": 1544.790535441836,
    "bw_latency": 1542.5121832479413,
    "acc_latency": 2.2783521938949516
}