{
    "num_layer": 24,
    "e2e_latency": 699.3991708866124,
    "fw_latency": 699.3991708866124,
    "bwall_latency": 0.0,
    "bw_latency": 0.0,
    "acc_latency": 0.0
}