{
    "num_layer": 36,
    "e2e_latency": 1384.2904766318193,
    "fw_latency": 1384.2904766318193,
    "bwall_latency": 0.0,
    "bw_latency": 0.0,
    "acc_latency": 0.0
}