{
    "num_layer": 36,
    "e2e_latency": 2445.7462658306517,
    "fw_latency": 793.2950663549855,
    "bwall_latency": 1652.4511994756663,
    "bw_latency": 1647.2538073915225,
    "acc_latency": 5.197392084143715
}