{
    "num_layer": 36,
    "e2e_latency": 992.2021834361174,
    "fw_latency": 992.2021834361174,
    "bwall_latency": 0.0,
    "bw_latency": 0.0,
    "acc_latency": 0.0
}