{
    "num_layer": 36,
    "e2e_latency": 3269.8177017898824,
    "fw_latency": 1076.7073917694506,
    "bwall_latency": 2193.1103100204323,
    "bw_latency": 2187.912917936289,
    "acc_latency": 5.197392084143715
}