{
    "num_layer": 24,
    "e2e_latency": 5224.220445519313,
    "fw_latency": 5224.220445519313,
    "bwall_latency": 0.0,
    "bw_latency": 0.0,
    "acc_latency": 0.0
}