{
    "num_layer": 32,
    "e2e_latency": 3683.435505435282,
    "fw_latency": 1176.806439034311,
    "bwall_latency": 2506.6290664009703,
    "bw_latency": 2489.3994831341843,
    "acc_latency": 17.229583266786364
}