{
    "num_layer": 32,
    "e2e_latency": 7597.583351653691,
    "fw_latency": 7597.583351653691,
    "bwall_latency": 0.0,
    "bw_latency": 0.0,
    "acc_latency": 0.0
}