{
    "num_layer": 24,
    "e2e_latency": 1094.285046212608,
    "fw_latency": 1094.285046212608,
    "bwall_latency": 0.0,
    "bw_latency": 0.0,
    "acc_latency": 0.0
}