{
    "num_layer": 24,
    "e2e_latency": 2596.6448296559556,
    "fw_latency": 789.0923409922591,
    "bwall_latency": 1807.5524886636963,
    "bw_latency": 1788.7540352351305,
    "acc_latency": 18.79845342856612
}