{
    "num_layer": 24,
    "e2e_latency": 3862.031524594696,
    "fw_latency": 1229.597546212608,
    "bwall_latency": 2632.433978382088,
    "bw_latency": 2613.635524953522,
    "acc_latency": 18.79845342856612
}