{
    "num_layer": 32,
    "e2e_latency": 5746.554355473485,
    "fw_latency": 1887.583537096119,
    "bwall_latency": 3858.9708183773655,
    "bw_latency": 3841.741235110579,
    "acc_latency": 17.229583266786364
}