{
    "num_layer": 24,
    "e2e_latency": 4165.757495986767,
    "fw_latency": 1474.4789248846564,
    "bwall_latency": 2691.2785711021097,
    "bw_latency": 2682.495782998256,
    "acc_latency": 8.782788103854244
}