{
    "num_layer": 24,
    "e2e_latency": 1304.4789248846566,
    "fw_latency": 1304.4789248846566,
    "bwall_latency": 0.0,
    "bw_latency": 0.0,
    "acc_latency": 0.0
}