{
    "num_layer": 24,
    "e2e_latency": 4254.609059037957,
    "fw_latency": 4254.609059037957,
    "bwall_latency": 0.0,
    "bw_latency": 0.0,
    "acc_latency": 0.0
}