{
    "num_layer": 24,
    "e2e_latency": 3165.1392085171656,
    "fw_latency": 1094.6881981326935,
    "bwall_latency": 2070.4510103844723,
    "bw_latency": 2061.6682222806176,
    "acc_latency": 8.782788103854244
}