{
    "num_layer": 24,
    "e2e_latency": 7621.152514773576,
    "fw_latency": 2413.8252268857905,
    "bwall_latency": 5207.327287887785,
    "bw_latency": 5174.585250326479,
    "acc_latency": 32.74203756130592
}