{
    "num_layer": 24,
    "e2e_latency": 7397.801107662663,
    "fw_latency": 2313.5017548318656,
    "bwall_latency": 5084.299352830797,
    "bw_latency": 5051.5573152694915,
    "acc_latency": 32.74203756130592
}