{
    "num_layer": 24,
    "e2e_latency": 2365.2975474386476,
    "fw_latency": 2365.2975474386476,
    "bwall_latency": 0.0,
    "bw_latency": 0.0,
    "acc_latency": 0.0
}