{
    "num_layer": 24,
    "e2e_latency": 3267.0384705343167,
    "fw_latency": 3267.0384705343167,
    "bwall_latency": 0.0,
    "bw_latency": 0.0,
    "acc_latency": 0.0
}