{
    "num_layer": 24,
    "e2e_latency": 1482.2816237598697,
    "fw_latency": 1482.2816237598697,
    "bwall_latency": 0.0,
    "bw_latency": 0.0,
    "acc_latency": 0.0
}