{
    "num_layer": 36,
    "e2e_latency": 5516.035266317583,
    "fw_latency": 5516.035266317583,
    "bwall_latency": 0.0,
    "bw_latency": 0.0,
    "acc_latency": 0.0
}