{
    "num_layer": 36,
    "e2e_latency": 11466.92371092892,
    "fw_latency": 11466.92371092892,
    "bwall_latency": 0.0,
    "bw_latency": 0.0,
    "acc_latency": 0.0
}