{
    "num_layer": 24,
    "e2e_latency": 82674.2783584632,
    "fw_latency": 82674.2783584632,
    "bwall_latency": 0.0,
    "bw_latency": 0.0,
    "acc_latency": 0.0
}