{
    "num_layer": 32,
    "e2e_latency": 24702.31860111623,
    "fw_latency": 24702.31860111623,
    "bwall_latency": 0.0,
    "bw_latency": 0.0,
    "acc_latency": 0.0
}