{
    "num_layer": 24,
    "e2e_latency": 24122.869143786374,
    "fw_latency": 24122.869143786374,
    "bwall_latency": 0.0,
    "bw_latency": 0.0,
    "acc_latency": 0.0
}