{
    "num_layer": 24,
    "e2e_latency": 12762.91465408091,
    "fw_latency": 12762.91465408091,
    "bwall_latency": 0.0,
    "bw_latency": 0.0,
    "acc_latency": 0.0
}