{
    "num_layer": 24,
    "e2e_latency": 40981.690064227834,
    "fw_latency": 40981.690064227834,
    "bwall_latency": 0.0,
    "bw_latency": 0.0,
    "acc_latency": 0.0
}