{
    "num_layer": 24,
    "e2e_latency": 3235.7295926013594,
    "fw_latency": 3235.7295926013594,
    "bwall_latency": 0.0,
    "bw_latency": 0.0,
    "acc_latency": 0.0
}