{
    "num_layer": 24,
    "e2e_latency": 1598.2220599580896,
    "fw_latency": 1598.2220599580896,
    "bwall_latency": 0.0,
    "bw_latency": 0.0,
    "acc_latency": 0.0
}