{
    "num_layer": 24,
    "e2e_latency": 616.2839024957757,
    "fw_latency": 616.2839024957757,
    "bwall_latency": 0.0,
    "bw_latency": 0.0,
    "acc_latency": 0.0
}