{
    "num_layer": 24,
    "e2e_latency": 1232.5364539179589,
    "fw_latency": 1232.5364539179589,
    "bwall_latency": 0.0,
    "bw_latency": 0.0,
    "acc_latency": 0.0
}