{
    "num_layer": 36,
    "e2e_latency": 1957.8879857969391,
    "fw_latency": 1957.8879857969391,
    "bwall_latency": 0.0,
    "bw_latency": 0.0,
    "acc_latency": 0.0
}