{
    "num_layer": 32,
    "e2e_latency": 5948.648349682722,
    "fw_latency": 5948.648349682722,
    "bwall_latency": 0.0,
    "bw_latency": 0.0,
    "acc_latency": 0.0
}