{
    "num_layer": 32,
    "e2e_latency": 23770.828177259922,
    "fw_latency": 23770.828177259922,
    "bwall_latency": 0.0,
    "bw_latency": 0.0,
    "acc_latency": 0.0
}