{
    "num_layer": 24,
    "e2e_latency": 22804.020637180656,
    "fw_latency": 22804.020637180656,
    "bwall_latency": 0.0,
    "bw_latency": 0.0,
    "acc_latency": 0.0
}