{
    "num_layer": 24,
    "e2e_latency": 2831.3463629025246,
    "fw_latency": 2831.3463629025246,
    "bwall_latency": 0.0,
    "bw_latency": 0.0,
    "acc_latency": 0.0
}