{
    "num_layer": 24,
    "e2e_latency": 593.5336568515037,
    "fw_latency": 593.5336568515037,
    "bwall_latency": 0.0,
    "bw_latency": 0.0,
    "acc_latency": 0.0
}