{
    "num_layer": 24,
    "e2e_latency": 1186.0254565092664,
    "fw_latency": 1186.0254565092664,
    "bwall_latency": 0.0,
    "bw_latency": 0.0,
    "acc_latency": 0.0
}