{
    "num_layer": 24,
    "e2e_latency": 39.61134356396177,
    "fw_latency": 13.56082680897314,
    "bwall_latency": 26.050516754988628,
    "bw_latency": 25.0009667640794,
    "acc_latency": 1.0495499909092265
}