{
    "num_layer": 24,
    "e2e_latency": 155.08093425914052,
    "fw_latency": 54.23804244873004,
    "bwall_latency": 100.84289181041046,
    "bw_latency": 99.79334181950125,
    "acc_latency": 1.0495499909092265
}