{
    "num_layer": 24,
    "e2e_latency": 96.13362468200894,
    "fw_latency": 96.13362468200894,
    "bwall_latency": 0.0,
    "bw_latency": 0.0,
    "acc_latency": 0.0
}