{
    "num_layer": 24,
    "e2e_latency": 48.067689805644946,
    "fw_latency": 48.067689805644946,
    "bwall_latency": 0.0,
    "bw_latency": 0.0,
    "acc_latency": 0.0
}