{
    "num_layer": 36,
    "e2e_latency": 434.7311562885966,
    "fw_latency": 153.3566772067115,
    "bwall_latency": 281.37447908188506,
    "bw_latency": 278.5725232667173,
    "acc_latency": 2.8019558151677337
}