{
    "num_layer": 36,
    "e2e_latency": 112.65429947594828,
    "fw_latency": 38.43256307560419,
    "bwall_latency": 74.22173640034407,
    "bw_latency": 69.87092787632025,
    "acc_latency": 4.350808524023808
}