{
    "num_layer": 32,
    "e2e_latency": 1382.122714114963,
    "fw_latency": 478.2385370464124,
    "bwall_latency": 903.8841770685506,
    "bw_latency": 892.3225711971465,
    "acc_latency": 11.56160587140409
}