{
    "num_layer": 32,
    "e2e_latency": 1831.0662699108525,
    "fw_latency": 1831.0662699108525,
    "bwall_latency": 0.0,
    "bw_latency": 0.0,
    "acc_latency": 0.0
}