{
    "num_layer": 24,
    "e2e_latency": 1809.4356834180421,
    "fw_latency": 1809.4356834180421,
    "bwall_latency": 0.0,
    "bw_latency": 0.0,
    "acc_latency": 0.0
}