{
    "num_layer": 24,
    "e2e_latency": 452.6104152751093,
    "fw_latency": 452.6104152751093,
    "bwall_latency": 0.0,
    "bw_latency": 0.0,
    "acc_latency": 0.0
}