{
    "num_layer": 24,
    "e2e_latency": 1361.6040100631258,
    "fw_latency": 464.4453278115524,
    "bwall_latency": 897.1586822515736,
    "bw_latency": 883.8414147335038,
    "acc_latency": 13.31726751806972
}