{
    "num_layer": 32,
    "e2e_latency": 458.09914200268054,
    "fw_latency": 458.09914200268054,
    "bwall_latency": 0.0,
    "bw_latency": 0.0,
    "acc_latency": 0.0
}