{
    "num_layer": 24,
    "e2e_latency": 692.77054901495,
    "fw_latency": 232.390326854661,
    "bwall_latency": 460.380222160289,
    "bw_latency": 442.30704759649956,
    "acc_latency": 18.07317456378943
}