{
    "num_layer": 32,
    "e2e_latency": 701.1650764859469,
    "fw_latency": 239.34098487560976,
    "bwall_latency": 461.82409161033706,
    "bw_latency": 446.592565419281,
    "acc_latency": 15.231526191056055
}