{
    "num_layer": 24,
    "e2e_latency": 340.3650560129805,
    "fw_latency": 118.42060910532373,
    "bwall_latency": 221.94444690765673,
    "bw_latency": 217.8238801911986,
    "acc_latency": 4.120566716458107
}