{
    "num_layer": 24,
    "e2e_latency": 221.96329780830158,
    "fw_latency": 221.96329780830158,
    "bwall_latency": 0.0,
    "bw_latency": 0.0,
    "acc_latency": 0.0
}