{
    "num_layer": 24,
    "e2e_latency": 676.3676750327572,
    "fw_latency": 236.8321024730246,
    "bwall_latency": 439.5355725597326,
    "bw_latency": 435.41500584327446,
    "acc_latency": 4.120566716458107
}