{
    "num_layer": 24,
    "e2e_latency": 188.68884544708095,
    "fw_latency": 49.817655466605515,
    "bwall_latency": 138.87118998047544,
    "bw_latency": 93.3006270823659,
    "acc_latency": 45.570562898109515
}