{
    "num_layer": 24,
    "e2e_latency": 331.72786709992977,
    "fw_latency": 99.57371259117963,
    "bwall_latency": 232.15415450875008,
    "bw_latency": 186.5835916106406,
    "acc_latency": 45.570562898109515
}