{
    "num_layer": 24,
    "e2e_latency": 95.25493163108735,
    "fw_latency": 95.25493163108735,
    "bwall_latency": 0.0,
    "bw_latency": 0.0,
    "acc_latency": 0.0
}