{
    "num_layer": 24,
    "e2e_latency": 71.82910816809166,
    "fw_latency": 24.43777656857982,
    "bwall_latency": 47.391331599511844,
    "bw_latency": 46.227693607977436,
    "acc_latency": 1.1636379915344053
}