{
    "num_layer": 24,
    "e2e_latency": 283.61979894352976,
    "fw_latency": 97.7490653204815,
    "bwall_latency": 185.8707336230483,
    "bw_latency": 184.70709563151385,
    "acc_latency": 1.1636379915344053
}