{
    "num_layer": 24,
    "e2e_latency": 175.7793307320911,
    "fw_latency": 175.7793307320911,
    "bwall_latency": 0.0,
    "bw_latency": 0.0,
    "acc_latency": 0.0
}