{
    "num_layer": 24,
    "e2e_latency": 87.89000552456375,
    "fw_latency": 87.89000552456375,
    "bwall_latency": 0.0,
    "bw_latency": 0.0,
    "acc_latency": 0.0
}