{
    "num_layer": 36,
    "e2e_latency": 754.3410798832708,
    "fw_latency": 261.66144174464534,
    "bwall_latency": 492.67963813862553,
    "bw_latency": 489.57310437131673,
    "acc_latency": 3.10653376730885
}