{
    "num_layer": 36,
    "e2e_latency": 508.41594011642553,
    "fw_latency": 508.41594011642553,
    "bwall_latency": 0.0,
    "bw_latency": 0.0,
    "acc_latency": 0.0
}