{
    "num_layer": 36,
    "e2e_latency": 192.95370134869677,
    "fw_latency": 65.50887882632321,
    "bwall_latency": 127.44482252237361,
    "bw_latency": 122.6210731524701,
    "acc_latency": 4.823749369903485
}