{
    "num_layer": 32,
    "e2e_latency": 2468.53529426869,
    "fw_latency": 844.4781339813869,
    "bwall_latency": 1624.057160287303,
    "bw_latency": 1611.2387866798965,
    "acc_latency": 12.818373607406564
}