{
    "num_layer": 24,
    "e2e_latency": 1261.7111232090951,
    "fw_latency": 422.8799624000794,
    "bwall_latency": 838.8311608090156,
    "bw_latency": 818.79339815407,
    "acc_latency": 20.037762654945723
}