{
    "num_layer": 32,
    "e2e_latency": 3296.022663790982,
    "fw_latency": 3296.022663790982,
    "bwall_latency": 0.0,
    "bw_latency": 0.0,
    "acc_latency": 0.0
}