{
    "num_layer": 24,
    "e2e_latency": 2497.002796884716,
    "fw_latency": 845.4238013628474,
    "bwall_latency": 1651.5789955218693,
    "bw_latency": 1636.8141158486446,
    "acc_latency": 14.764879673224485
}