{
    "num_layer": 24,
    "e2e_latency": 3333.34718499732,
    "fw_latency": 3333.34718499732,
    "bwall_latency": 0.0,
    "bw_latency": 0.0,
    "acc_latency": 0.0
}