{
    "num_layer": 32,
    "e2e_latency": 1245.3990106000574,
    "fw_latency": 422.46111565245224,
    "bwall_latency": 822.9378949476054,
    "bw_latency": 806.050673160656,
    "acc_latency": 16.887221786949347
}