{
    "num_layer": 24,
    "e2e_latency": 618.1196427067276,
    "fw_latency": 212.8099464705724,
    "bwall_latency": 405.3096962361552,
    "bw_latency": 400.74121642121196,
    "acc_latency": 4.568479814943238
}