{
    "num_layer": 24,
    "e2e_latency": 410.74197201956537,
    "fw_latency": 410.74197201956537,
    "bwall_latency": 0.0,
    "bw_latency": 0.0,
    "acc_latency": 0.0
}