{
    "num_layer": 24,
    "e2e_latency": 1231.428934802533,
    "fw_latency": 425.6107766842884,
    "bwall_latency": 805.8181581182446,
    "bw_latency": 801.2496783033014,
    "acc_latency": 4.568479814943238
}