{
    "num_layer": 24,
    "e2e_latency": 581.9573564437133,
    "fw_latency": 182.16631857975705,
    "bwall_latency": 399.79103786395626,
    "bw_latency": 349.26686916644655,
    "acc_latency": 50.52416869750964
}