{
    "num_layer": 24,
    "e2e_latency": 177.8379670960485,
    "fw_latency": 177.8379670960485,
    "bwall_latency": 0.0,
    "bw_latency": 0.0,
    "acc_latency": 0.0
}