{
    "num_layer": 24,
    "e2e_latency": 88.95010840845144,
    "fw_latency": 88.95010840845144,
    "bwall_latency": 0.0,
    "bw_latency": 0.0,
    "acc_latency": 0.0
}