{
    "num_layer": 24,
    "e2e_latency": 316.2824997173176,
    "fw_latency": 91.11592346918894,
    "bwall_latency": 225.16657624812865,
    "bw_latency": 174.64240755061903,
    "acc_latency": 50.52416869750964
}