{
    "num_layer": 24,
    "e2e_latency": 3546.810289928062,
    "fw_latency": 3546.810289928062,
    "bwall_latency": 0.0,
    "bw_latency": 0.0,
    "acc_latency": 0.0
}