{
    "num_layer": 24,
    "e2e_latency": 1773.4097798384773,
    "fw_latency": 1773.4097798384773,
    "bwall_latency": 0.0,
    "bw_latency": 0.0,
    "acc_latency": 0.0
}