{
    "num_layer": 24,
    "e2e_latency": 5754.56826189556,
    "fw_latency": 1967.2352022496023,
    "bwall_latency": 3787.333059645957,
    "bw_latency": 3771.468603141249,
    "acc_latency": 15.864456504708357
}