{
    "num_layer": 24,
    "e2e_latency": 1451.1295420612792,
    "fw_latency": 491.8157528667936,
    "bwall_latency": 959.3137891944855,
    "bw_latency": 943.4493326897772,
    "acc_latency": 15.864456504708357
}