{
    "num_layer": 36,
    "e2e_latency": 14470.028314923096,
    "fw_latency": 4965.176103821141,
    "bwall_latency": 9504.852211101957,
    "bw_latency": 9462.499287609051,
    "acc_latency": 42.352923492906314
}