{
    "num_layer": 36,
    "e2e_latency": 3676.359931419306,
    "fw_latency": 1242.3660493301577,
    "bwall_latency": 2433.9938820891484,
    "bw_latency": 2368.229301617491,
    "acc_latency": 65.76458047165801
}