{
    "num_layer": 32,
    "e2e_latency": 47972.00569498984,
    "fw_latency": 16283.384702426458,
    "bwall_latency": 31688.620992563392,
    "bw_latency": 31513.861715348517,
    "acc_latency": 174.75927721487494
}