{
    "num_layer": 32,
    "e2e_latency": 24136.332286657518,
    "fw_latency": 8144.238564760502,
    "bwall_latency": 15992.093721897012,
    "bw_latency": 15761.861823624347,
    "acc_latency": 230.23189827266322
}