{
    "num_layer": 32,
    "e2e_latency": 64197.219861668214,
    "fw_latency": 64197.219861668214,
    "bwall_latency": 0.0,
    "bw_latency": 0.0,
    "acc_latency": 0.0
}