{
    "num_layer": 24,
    "e2e_latency": 25124.721648888528,
    "fw_latency": 8408.548678567942,
    "bwall_latency": 16716.172970320586,
    "bw_latency": 16442.9881662693,
    "acc_latency": 273.184804051283
}