{
    "num_layer": 32,
    "e2e_latency": 16053.12428575979,
    "fw_latency": 16053.12428575979,
    "bwall_latency": 0.0,
    "bw_latency": 0.0,
    "acc_latency": 0.0
}