{
    "num_layer": 24,
    "e2e_latency": 16677.923948529642,
    "fw_latency": 16677.923948529642,
    "bwall_latency": 0.0,
    "bw_latency": 0.0,
    "acc_latency": 0.0
}