{
    "num_layer": 24,
    "e2e_latency": 66700.11306847446,
    "fw_latency": 66700.11306847446,
    "bwall_latency": 0.0,
    "bw_latency": 0.0,
    "acc_latency": 0.0
}