{
    "num_layer": 24,
    "e2e_latency": 49891.67542479381,
    "fw_latency": 16813.236448529642,
    "bwall_latency": 33078.438976264166,
    "bw_latency": 32877.14201928505,
    "acc_latency": 201.29695697912098
}