{
    "num_layer": 24,
    "e2e_latency": 23751.783399131753,
    "fw_latency": 8138.384713940874,
    "bwall_latency": 15613.398685190876,
    "bw_latency": 15551.114323773438,
    "acc_latency": 62.28436141743998
}