{
    "num_layer": 24,
    "e2e_latency": 31873.226133197695,
    "fw_latency": 31873.226133197695,
    "bwall_latency": 0.0,
    "bw_latency": 0.0,
    "acc_latency": 0.0
}