{
    "num_layer": 24,
    "e2e_latency": 7968.3847139408745,
    "fw_latency": 7968.3847139408745,
    "bwall_latency": 0.0,
    "bw_latency": 0.0,
    "acc_latency": 0.0
}