{
    "num_layer": 24,
    "e2e_latency": 11908.416580817546,
    "fw_latency": 4069.2444773980706,
    "bwall_latency": 7839.172103419478,
    "bw_latency": 7776.887742002037,
    "acc_latency": 62.28436141743998
}