{
    "num_layer": 24,
    "e2e_latency": 11316.691178866104,
    "fw_latency": 3610.998763109794,
    "bwall_latency": 7705.69241575631,
    "bw_latency": 7016.871221459525,
    "acc_latency": 688.8211942967839
}