{
    "num_layer": 24,
    "e2e_latency": 6003.2842499744875,
    "fw_latency": 1805.9192789222102,
    "bwall_latency": 4197.364971052277,
    "bw_latency": 3508.5437767554927,
    "acc_latency": 688.8211942967839
}