{
    "num_layer": 24,
    "e2e_latency": 1781.0494097062528,
    "fw_latency": 1781.0494097062528,
    "bwall_latency": 0.0,
    "bw_latency": 0.0,
    "acc_latency": 0.0
}